<?xml version="1.0"?>
<!-- Original Boulder Dash levels from www.elmerproductions.com -->
<levelset>
<level diamonds="12">
<wall x="0" y="0"/>
<wall x="1" y="0"/>
<wall x="2" y="0"/>
<wall x="3" y="0"/>
<wall x="4" y="0"/>
<wall x="5" y="0"/>
<wall x="6" y="0"/>
<wall x="7" y="0"/>
<wall x="8" y="0"/>
<wall x="9" y="0"/>
<wall x="10" y="0"/>
<wall x="11" y="0"/>
<wall x="12" y="0"/>
<wall x="13" y="0"/>
<wall x="14" y="0"/>
<wall x="15" y="0"/>
<wall x="16" y="0"/>
<wall x="17" y="0"/>
<wall x="18" y="0"/>
<wall x="19" y="0"/>
<wall x="20" y="0"/>
<wall x="21" y="0"/>
<wall x="22" y="0"/>
<wall x="23" y="0"/>
<wall x="24" y="0"/>
<wall x="25" y="0"/>
<wall x="26" y="0"/>
<wall x="27" y="0"/>
<wall x="28" y="0"/>
<wall x="29" y="0"/>
<wall x="30" y="0"/>
<wall x="31" y="0"/>
<wall x="32" y="0"/>
<wall x="33" y="0"/>
<wall x="34" y="0"/>
<wall x="35" y="0"/>
<wall x="36" y="0"/>
<wall x="37" y="0"/>
<wall x="38" y="0"/>
<wall x="39" y="0"/>
<wall x="0" y="1"/>
<empty x="7" y="1"/>
<diamond x="10" y="1"/>
<rock x="12" y="1"/>
<empty x="13" y="1"/>
<rock x="19" y="1"/>
<rock x="21" y="1"/>
<empty x="29" y="1"/>
<rock x="34" y="1"/>
<wall x="39" y="1"/>
<wall x="0" y="2"/>
<rock x="2" y="2"/>
<exit x="3" y="2"/>
<rock x="4" y="2"/>
<empty x="11" y="2"/>
<rock x="21" y="2"/>
<diamond x="22" y="2"/>
<rock x="25" y="2"/>
<empty x="30" y="2"/>
<empty x="36" y="2"/>
<wall x="39" y="2"/>
<wall x="0" y="3"/>
<empty x="11" y="3"/>
<rock x="14" y="3"/>
<rock x="20" y="3"/>
<rock x="22" y="3"/>
<rock x="25" y="3"/>
<rock x="34" y="3"/>
<wall x="39" y="3"/>
<wall x="0" y="4"/>
<amoeba x="1" y="4"/>
<amoeba x="3" y="4"/>
<rock x="4" y="4"/>
<rock x="14" y="4"/>
<rock x="21" y="4"/>
<rock x="24" y="4"/>
<rock x="29" y="4"/>
<rock x="33" y="4"/>
<wall x="39" y="4"/>
<wall x="0" y="5"/>
<rock x="1" y="5"/>
<empty x="3" y="5"/>
<rock x="4" y="5"/>
<empty x="14" y="5"/>
<rock x="15" y="5"/>
<rock x="18" y="5"/>
<rock x="27" y="5"/>
<rock x="34" y="5"/>
<rock x="36" y="5"/>
<rock x="37" y="5"/>
<wall x="39" y="5"/>
<wall x="0" y="6"/>
<empty x="4" y="6"/>
<rock x="7" y="6"/>
<rock x="16" y="6"/>
<rock x="22" y="6"/>
<empty x="24" y="6"/>
<rock x="25" y="6"/>
<rock x="34" y="6"/>
<rock x="36" y="6"/>
<rock x="37" y="6"/>
<wall x="39" y="6"/>
<wall x="0" y="7"/>
<wall x="1" y="7"/>
<wall x="2" y="7"/>
<wall x="3" y="7"/>
<wall x="4" y="7"/>
<wall x="5" y="7"/>
<wall x="6" y="7"/>
<wall x="7" y="7"/>
<wall x="8" y="7"/>
<wall x="9" y="7"/>
<wall x="10" y="7"/>
<wall x="11" y="7"/>
<wall x="12" y="7"/>
<wall x="13" y="7"/>
<wall x="14" y="7"/>
<wall x="15" y="7"/>
<wall x="16" y="7"/>
<wall x="17" y="7"/>
<wall x="18" y="7"/>
<wall x="19" y="7"/>
<wall x="20" y="7"/>
<wall x="21" y="7"/>
<wall x="22" y="7"/>
<wall x="23" y="7"/>
<wall x="24" y="7"/>
<wall x="25" y="7"/>
<wall x="26" y="7"/>
<wall x="27" y="7"/>
<wall x="28" y="7"/>
<wall x="29" y="7"/>
<wall x="30" y="7"/>
<rock x="34" y="7"/>
<rock x="37" y="7"/>
<wall x="39" y="7"/>
<wall x="0" y="8"/>
<empty x="2" y="8"/>
<rock x="6" y="8"/>
<diamond x="9" y="8"/>
<empty x="11" y="8"/>
<rock x="14" y="8"/>
<rock x="16" y="8"/>
<diamond x="27" y="8"/>
<rock x="29" y="8"/>
<diamond x="30" y="8"/>
<empty x="37" y="8"/>
<wall x="39" y="8"/>
<wall x="0" y="9"/>
<diamond x="3" y="9"/>
<rock x="9" y="9"/>
<empty x="15" y="9"/>
<rock x="24" y="9"/>
<rock x="25" y="9"/>
<empty x="26" y="9"/>
<rock x="27" y="9"/>
<rock x="30" y="9"/>
<rock x="35" y="9"/>
<wall x="39" y="9"/>
<wall x="0" y="10"/>
<rock x="4" y="10"/>
<rock x="7" y="10"/>
<rock x="9" y="10"/>
<rock x="24" y="10"/>
<empty x="25" y="10"/>
<rock x="27" y="10"/>
<rock x="30" y="10"/>
<wall x="39" y="10"/>
<wall x="0" y="11"/>
<rock x="2" y="11"/>
<rock x="8" y="11"/>
<rock x="17" y="11"/>
<rock x="18" y="11"/>
<rock x="19" y="11"/>
<rock x="27" y="11"/>
<empty x="30" y="11"/>
<diamond x="32" y="11"/>
<rock x="37" y="11"/>
<wall x="39" y="11"/>
<wall x="0" y="12"/>
<diamond x="2" y="12"/>
<empty x="5" y="12"/>
<rock x="8" y="12"/>
<empty x="10" y="12"/>
<empty x="11" y="12"/>
<rock x="17" y="12"/>
<rock x="19" y="12"/>
<diamond x="20" y="12"/>
<diamond x="23" y="12"/>
<rock x="28" y="12"/>
<rock x="32" y="12"/>
<diamond x="35" y="12"/>
<empty x="37" y="12"/>
<wall x="39" y="12"/>
<wall x="0" y="13"/>
<empty x="2" y="13"/>
<rock x="3" y="13"/>
<rock x="18" y="13"/>
<empty x="19" y="13"/>
<rock x="20" y="13"/>
<rock x="23" y="13"/>
<diamond x="32" y="13"/>
<rock x="38" y="13"/>
<wall x="39" y="13"/>
<wall x="0" y="14"/>
<wall x="9" y="14"/>
<wall x="10" y="14"/>
<wall x="11" y="14"/>
<wall x="12" y="14"/>
<wall x="13" y="14"/>
<wall x="14" y="14"/>
<wall x="15" y="14"/>
<wall x="16" y="14"/>
<wall x="17" y="14"/>
<wall x="18" y="14"/>
<wall x="19" y="14"/>
<wall x="20" y="14"/>
<wall x="21" y="14"/>
<wall x="22" y="14"/>
<wall x="23" y="14"/>
<wall x="24" y="14"/>
<wall x="25" y="14"/>
<wall x="26" y="14"/>
<wall x="27" y="14"/>
<wall x="28" y="14"/>
<wall x="29" y="14"/>
<wall x="30" y="14"/>
<wall x="31" y="14"/>
<wall x="32" y="14"/>
<wall x="33" y="14"/>
<wall x="34" y="14"/>
<wall x="35" y="14"/>
<wall x="36" y="14"/>
<wall x="37" y="14"/>
<wall x="38" y="14"/>
<wall x="39" y="14"/>
<wall x="0" y="15"/>
<empty x="1" y="15"/>
<rock x="2" y="15"/>
<rock x="12" y="15"/>
<diamond x="16" y="15"/>
<rock x="21" y="15"/>
<rock x="27" y="15"/>
<rock x="31" y="15"/>
<wall x="39" y="15"/>
<wall x="0" y="16"/>
<empty x="1" y="16"/>
<rock x="2" y="16"/>
<empty x="12" y="16"/>
<rock x="13" y="16"/>
<rock x="16" y="16"/>
<rock x="25" y="16"/>
<rock x="32" y="16"/>
<rock x="34" y="16"/>
<rock x="35" y="16"/>
<player x="38" y="16"/>
<wall x="39" y="16"/>
<wall x="0" y="17"/>
<empty x="2" y="17"/>
<rock x="5" y="17"/>
<rock x="14" y="17"/>
<rock x="20" y="17"/>
<empty x="22" y="17"/>
<empty x="23" y="17"/>
<diamond x="28" y="17"/>
<rock x="32" y="17"/>
<rock x="34" y="17"/>
<rock x="35" y="17"/>
<wall x="39" y="17"/>
<wall x="0" y="18"/>
<rock x="5" y="18"/>
<diamond x="6" y="18"/>
<rock x="9" y="18"/>
<rock x="18" y="18"/>
<rock x="25" y="18"/>
<rock x="27" y="18"/>
<diamond x="28" y="18"/>
<rock x="35" y="18"/>
<wall x="39" y="18"/>
<wall x="0" y="19"/>
<empty x="4" y="19"/>
<rock x="7" y="19"/>
<empty x="9" y="19"/>
<rock x="12" y="19"/>
<rock x="14" y="19"/>
<rock x="15" y="19"/>
<rock x="25" y="19"/>
<rock x="27" y="19"/>
<diamond x="28" y="19"/>
<empty x="35" y="19"/>
<rock x="38" y="19"/>
<wall x="39" y="19"/>
<wall x="0" y="20"/>
<diamond x="2" y="20"/>
<empty x="7" y="20"/>
<empty x="13" y="20"/>
<empty x="23" y="20"/>
<rock x="25" y="20"/>
<rock x="28" y="20"/>
<rock x="33" y="20"/>
<rock x="37" y="20"/>
<wall x="39" y="20"/>
<wall x="0" y="21"/>
<wall x="1" y="21"/>
<wall x="2" y="21"/>
<wall x="3" y="21"/>
<wall x="4" y="21"/>
<wall x="5" y="21"/>
<wall x="6" y="21"/>
<wall x="7" y="21"/>
<wall x="8" y="21"/>
<wall x="9" y="21"/>
<wall x="10" y="21"/>
<wall x="11" y="21"/>
<wall x="12" y="21"/>
<wall x="13" y="21"/>
<wall x="14" y="21"/>
<wall x="15" y="21"/>
<wall x="16" y="21"/>
<wall x="17" y="21"/>
<wall x="18" y="21"/>
<wall x="19" y="21"/>
<wall x="20" y="21"/>
<wall x="21" y="21"/>
<wall x="22" y="21"/>
<wall x="23" y="21"/>
<wall x="24" y="21"/>
<wall x="25" y="21"/>
<wall x="26" y="21"/>
<wall x="27" y="21"/>
<wall x="28" y="21"/>
<wall x="29" y="21"/>
<wall x="30" y="21"/>
<wall x="31" y="21"/>
<wall x="32" y="21"/>
<wall x="33" y="21"/>
<wall x="34" y="21"/>
<wall x="35" y="21"/>
<wall x="36" y="21"/>
<wall x="37" y="21"/>
<wall x="38" y="21"/>
<wall x="39" y="21"/>
</level>
<level diamonds="10">
<wall x="0" y="0"/>
<wall x="1" y="0"/>
<wall x="2" y="0"/>
<wall x="3" y="0"/>
<wall x="4" y="0"/>
<wall x="5" y="0"/>
<wall x="6" y="0"/>
<wall x="7" y="0"/>
<wall x="8" y="0"/>
<wall x="9" y="0"/>
<wall x="10" y="0"/>
<wall x="11" y="0"/>
<wall x="12" y="0"/>
<wall x="13" y="0"/>
<wall x="14" y="0"/>
<wall x="15" y="0"/>
<wall x="16" y="0"/>
<wall x="17" y="0"/>
<wall x="18" y="0"/>
<wall x="19" y="0"/>
<wall x="20" y="0"/>
<wall x="21" y="0"/>
<wall x="22" y="0"/>
<wall x="23" y="0"/>
<wall x="24" y="0"/>
<wall x="25" y="0"/>
<wall x="26" y="0"/>
<wall x="27" y="0"/>
<wall x="28" y="0"/>
<wall x="29" y="0"/>
<wall x="30" y="0"/>
<wall x="31" y="0"/>
<wall x="32" y="0"/>
<wall x="33" y="0"/>
<wall x="34" y="0"/>
<wall x="35" y="0"/>
<wall x="36" y="0"/>
<wall x="37" y="0"/>
<wall x="38" y="0"/>
<wall x="39" y="0"/>
<wall x="0" y="1"/>
<rock x="2" y="1"/>
<rock x="5" y="1"/>
<wall x="8" y="1"/>
<rock x="10" y="1"/>
<diamond x="14" y="1"/>
<wall x="16" y="1"/>
<empty x="20" y="1"/>
<rock x="22" y="1"/>
<wall x="24" y="1"/>
<rock x="25" y="1"/>
<wall x="32" y="1"/>
<rock x="35" y="1"/>
<rock x="36" y="1"/>
<wall x="39" y="1"/>
<wall x="0" y="2"/>
<wall x="8" y="2"/>
<rock x="15" y="2"/>
<wall x="16" y="2"/>
<rock x="17" y="2"/>
<rock x="18" y="2"/>
<empty x="20" y="2"/>
<wall x="24" y="2"/>
<empty x="25" y="2"/>
<diamond x="28" y="2"/>
<wall x="32" y="2"/>
<rock x="37" y="2"/>
<wall x="39" y="2"/>
<wall x="0" y="3"/>
<empty x="1" y="3"/>
<empty x="2" y="3"/>
<empty x="3" y="3"/>
<empty x="4" y="3"/>
<empty x="5" y="3"/>
<empty x="6" y="3"/>
<empty x="7" y="3"/>
<empty x="8" y="3"/>
<empty x="9" y="3"/>
<empty x="10" y="3"/>
<empty x="11" y="3"/>
<empty x="12" y="3"/>
<empty x="13" y="3"/>
<empty x="14" y="3"/>
<empty x="15" y="3"/>
<empty x="16" y="3"/>
<empty x="17" y="3"/>
<empty x="18" y="3"/>
<empty x="19" y="3"/>
<empty x="20" y="3"/>
<empty x="21" y="3"/>
<empty x="22" y="3"/>
<empty x="23" y="3"/>
<empty x="24" y="3"/>
<empty x="25" y="3"/>
<empty x="26" y="3"/>
<empty x="27" y="3"/>
<empty x="28" y="3"/>
<empty x="29" y="3"/>
<empty x="30" y="3"/>
<empty x="31" y="3"/>
<empty x="32" y="3"/>
<empty x="33" y="3"/>
<empty x="34" y="3"/>
<empty x="35" y="3"/>
<empty x="36" y="3"/>
<empty x="37" y="3"/>
<empty x="38" y="3"/>
<wall x="39" y="3"/>
<wall x="0" y="4"/>
<diamond x="1" y="4"/>
<wall x="8" y="4"/>
<rock x="10" y="4"/>
<rock x="15" y="4"/>
<wall x="16" y="4"/>
<rock x="18" y="4"/>
<empty x="20" y="4"/>
<empty x="23" y="4"/>
<wall x="24" y="4"/>
<rock x="27" y="4"/>
<diamond x="30" y="4"/>
<wall x="32" y="4"/>
<rock x="35" y="4"/>
<rock x="37" y="4"/>
<wall x="39" y="4"/>
<wall x="0" y="5"/>
<wall x="8" y="5"/>
<rock x="10" y="5"/>
<rock x="15" y="5"/>
<wall x="16" y="5"/>
<rock x="18" y="5"/>
<empty x="20" y="5"/>
<rock x="21" y="5"/>
<wall x="24" y="5"/>
<rock x="30" y="5"/>
<wall x="32" y="5"/>
<empty x="36" y="5"/>
<wall x="39" y="5"/>
<wall x="0" y="6"/>
<wall x="1" y="6"/>
<wall x="2" y="6"/>
<wall x="3" y="6"/>
<wall x="4" y="6"/>
<wall x="5" y="6"/>
<wall x="6" y="6"/>
<wall x="7" y="6"/>
<wall x="8" y="6"/>
<wall x="9" y="6"/>
<wall x="10" y="6"/>
<wall x="11" y="6"/>
<wall x="12" y="6"/>
<wall x="13" y="6"/>
<wall x="14" y="6"/>
<wall x="15" y="6"/>
<wall x="16" y="6"/>
<wall x="17" y="6"/>
<wall x="18" y="6"/>
<wall x="19" y="6"/>
<empty x="20" y="6"/>
<wall x="21" y="6"/>
<wall x="22" y="6"/>
<wall x="23" y="6"/>
<wall x="24" y="6"/>
<wall x="25" y="6"/>
<wall x="26" y="6"/>
<wall x="27" y="6"/>
<wall x="28" y="6"/>
<wall x="29" y="6"/>
<wall x="30" y="6"/>
<wall x="31" y="6"/>
<wall x="32" y="6"/>
<wall x="33" y="6"/>
<wall x="34" y="6"/>
<wall x="35" y="6"/>
<wall x="36" y="6"/>
<wall x="37" y="6"/>
<wall x="38" y="6"/>
<wall x="39" y="6"/>
<wall x="0" y="7"/>
<rock x="5" y="7"/>
<rock x="6" y="7"/>
<wall x="8" y="7"/>
<rock x="11" y="7"/>
<wall x="16" y="7"/>
<empty x="20" y="7"/>
<rock x="23" y="7"/>
<wall x="24" y="7"/>
<rock x="29" y="7"/>
<wall x="32" y="7"/>
<rock x="38" y="7"/>
<wall x="39" y="7"/>
<wall x="0" y="8"/>
<wall x="8" y="8"/>
<empty x="11" y="8"/>
<wall x="16" y="8"/>
<empty x="20" y="8"/>
<wall x="24" y="8"/>
<rock x="29" y="8"/>
<empty x="31" y="8"/>
<wall x="32" y="8"/>
<rock x="38" y="8"/>
<wall x="39" y="8"/>
<wall x="0" y="9"/>
<empty x="1" y="9"/>
<empty x="2" y="9"/>
<empty x="3" y="9"/>
<empty x="4" y="9"/>
<empty x="5" y="9"/>
<empty x="6" y="9"/>
<empty x="7" y="9"/>
<empty x="8" y="9"/>
<empty x="9" y="9"/>
<empty x="10" y="9"/>
<empty x="11" y="9"/>
<empty x="12" y="9"/>
<empty x="13" y="9"/>
<empty x="14" y="9"/>
<empty x="15" y="9"/>
<empty x="16" y="9"/>
<empty x="17" y="9"/>
<empty x="18" y="9"/>
<empty x="19" y="9"/>
<empty x="20" y="9"/>
<empty x="21" y="9"/>
<empty x="22" y="9"/>
<empty x="23" y="9"/>
<empty x="24" y="9"/>
<empty x="25" y="9"/>
<empty x="26" y="9"/>
<empty x="27" y="9"/>
<empty x="28" y="9"/>
<empty x="29" y="9"/>
<empty x="30" y="9"/>
<empty x="31" y="9"/>
<empty x="32" y="9"/>
<empty x="33" y="9"/>
<empty x="34" y="9"/>
<empty x="35" y="9"/>
<empty x="36" y="9"/>
<empty x="37" y="9"/>
<empty x="38" y="9"/>
<wall x="39" y="9"/>
<wall x="0" y="10"/>
<rock x="1" y="10"/>
<rock x="4" y="10"/>
<wall x="8" y="10"/>
<rock x="13" y="10"/>
<wall x="16" y="10"/>
<rock x="19" y="10"/>
<empty x="20" y="10"/>
<wall x="24" y="10"/>
<diamond x="31" y="10"/>
<wall x="32" y="10"/>
<rock x="33" y="10"/>
<wall x="39" y="10"/>
<wall x="0" y="11"/>
<rock x="1" y="11"/>
<rock x="6" y="11"/>
<wall x="8" y="11"/>
<rock x="11" y="11"/>
<rock x="14" y="11"/>
<wall x="16" y="11"/>
<empty x="20" y="11"/>
<empty x="22" y="11"/>
<rock x="23" y="11"/>
<wall x="24" y="11"/>
<wall x="32" y="11"/>
<rock x="33" y="11"/>
<rock x="37" y="11"/>
<wall x="39" y="11"/>
<wall x="0" y="12"/>
<rock x="2" y="12"/>
<wall x="8" y="12"/>
<rock x="12" y="12"/>
<wall x="16" y="12"/>
<empty x="20" y="12"/>
<empty x="22" y="12"/>
<rock x="23" y="12"/>
<wall x="24" y="12"/>
<wall x="32" y="12"/>
<empty x="33" y="12"/>
<rock x="34" y="12"/>
<rock x="37" y="12"/>
<wall x="39" y="12"/>
<wall x="0" y="13"/>
<wall x="1" y="13"/>
<wall x="2" y="13"/>
<wall x="3" y="13"/>
<wall x="4" y="13"/>
<wall x="5" y="13"/>
<wall x="6" y="13"/>
<wall x="7" y="13"/>
<wall x="8" y="13"/>
<wall x="9" y="13"/>
<wall x="10" y="13"/>
<wall x="11" y="13"/>
<wall x="12" y="13"/>
<wall x="13" y="13"/>
<wall x="14" y="13"/>
<wall x="15" y="13"/>
<wall x="16" y="13"/>
<wall x="17" y="13"/>
<wall x="18" y="13"/>
<wall x="19" y="13"/>
<empty x="20" y="13"/>
<wall x="21" y="13"/>
<wall x="22" y="13"/>
<wall x="23" y="13"/>
<wall x="24" y="13"/>
<wall x="25" y="13"/>
<wall x="26" y="13"/>
<wall x="27" y="13"/>
<wall x="28" y="13"/>
<wall x="29" y="13"/>
<wall x="30" y="13"/>
<wall x="31" y="13"/>
<wall x="32" y="13"/>
<wall x="33" y="13"/>
<wall x="34" y="13"/>
<wall x="35" y="13"/>
<wall x="36" y="13"/>
<wall x="37" y="13"/>
<wall x="38" y="13"/>
<wall x="39" y="13"/>
<wall x="0" y="14"/>
<rock x="1" y="14"/>
<empty x="3" y="14"/>
<empty x="4" y="14"/>
<firefly x="5" y="14"/>
<wall x="8" y="14"/>
<rock x="13" y="14"/>
<rock x="15" y="14"/>
<wall x="16" y="14"/>
<empty x="20" y="14"/>
<wall x="24" y="14"/>
<rock x="26" y="14"/>
<diamond x="27" y="14"/>
<rock x="30" y="14"/>
<wall x="32" y="14"/>
<wall x="39" y="14"/>
<wall x="0" y="15"/>
<rock x="6" y="15"/>
<wall x="8" y="15"/>
<rock x="9" y="15"/>
<wall x="16" y="15"/>
<diamond x="19" y="15"/>
<empty x="20" y="15"/>
<wall x="24" y="15"/>
<empty x="25" y="15"/>
<rock x="28" y="15"/>
<wall x="32" y="15"/>
<rock x="34" y="15"/>
<rock x="36" y="15"/>
<rock x="37" y="15"/>
<wall x="39" y="15"/>
<wall x="0" y="16"/>
<empty x="1" y="16"/>
<empty x="2" y="16"/>
<empty x="3" y="16"/>
<empty x="4" y="16"/>
<empty x="5" y="16"/>
<empty x="6" y="16"/>
<empty x="7" y="16"/>
<empty x="8" y="16"/>
<empty x="9" y="16"/>
<empty x="10" y="16"/>
<empty x="11" y="16"/>
<empty x="12" y="16"/>
<empty x="13" y="16"/>
<empty x="14" y="16"/>
<empty x="15" y="16"/>
<empty x="16" y="16"/>
<empty x="17" y="16"/>
<empty x="18" y="16"/>
<empty x="19" y="16"/>
<empty x="20" y="16"/>
<empty x="21" y="16"/>
<empty x="22" y="16"/>
<empty x="23" y="16"/>
<empty x="24" y="16"/>
<empty x="25" y="16"/>
<empty x="26" y="16"/>
<empty x="27" y="16"/>
<empty x="28" y="16"/>
<empty x="29" y="16"/>
<empty x="30" y="16"/>
<empty x="31" y="16"/>
<empty x="32" y="16"/>
<empty x="33" y="16"/>
<empty x="34" y="16"/>
<empty x="35" y="16"/>
<empty x="36" y="16"/>
<empty x="37" y="16"/>
<empty x="38" y="16"/>
<wall x="39" y="16"/>
<wall x="0" y="17"/>
<diamond x="1" y="17"/>
<empty x="4" y="17"/>
<rock x="6" y="17"/>
<wall x="8" y="17"/>
<rock x="9" y="17"/>
<rock x="14" y="17"/>
<wall x="16" y="17"/>
<rock x="18" y="17"/>
<empty x="20" y="17"/>
<rock x="23" y="17"/>
<wall x="24" y="17"/>
<rock x="26" y="17"/>
<rock x="28" y="17"/>
<wall x="32" y="17"/>
<wall x="39" y="17"/>
<wall x="0" y="18"/>
<rock x="6" y="18"/>
<wall x="8" y="18"/>
<rock x="9" y="18"/>
<diamond x="12" y="18"/>
<wall x="16" y="18"/>
<empty x="20" y="18"/>
<rock x="21" y="18"/>
<wall x="24" y="18"/>
<rock x="27" y="18"/>
<wall x="32" y="18"/>
<rock x="36" y="18"/>
<rock x="37" y="18"/>
<empty x="38" y="18"/>
<wall x="39" y="18"/>
<wall x="0" y="19"/>
<diamond x="2" y="19"/>
<empty x="6" y="19"/>
<rock x="7" y="19"/>
<wall x="8" y="19"/>
<rock x="11" y="19"/>
<wall x="16" y="19"/>
<exit x="18" y="19"/>
<diamond x="19" y="19"/>
<empty x="20" y="19"/>
<rock x="21" y="19"/>
<wall x="24" y="19"/>
<empty x="26" y="19"/>
<wall x="32" y="19"/>
<rock x="36" y="19"/>
<rock x="37" y="19"/>
<empty x="38" y="19"/>
<wall x="39" y="19"/>
<wall x="0" y="20"/>
<rock x="2" y="20"/>
<empty x="7" y="20"/>
<wall x="8" y="20"/>
<empty x="11" y="20"/>
<rock x="14" y="20"/>
<wall x="16" y="20"/>
<player x="18" y="20"/>
<empty x="20" y="20"/>
<wall x="24" y="20"/>
<rock x="29" y="20"/>
<rock x="31" y="20"/>
<wall x="32" y="20"/>
<empty x="37" y="20"/>
<wall x="39" y="20"/>
<wall x="0" y="21"/>
<wall x="1" y="21"/>
<wall x="2" y="21"/>
<wall x="3" y="21"/>
<wall x="4" y="21"/>
<wall x="5" y="21"/>
<wall x="6" y="21"/>
<wall x="7" y="21"/>
<wall x="8" y="21"/>
<wall x="9" y="21"/>
<wall x="10" y="21"/>
<wall x="11" y="21"/>
<wall x="12" y="21"/>
<wall x="13" y="21"/>
<wall x="14" y="21"/>
<wall x="15" y="21"/>
<wall x="16" y="21"/>
<wall x="17" y="21"/>
<wall x="18" y="21"/>
<wall x="19" y="21"/>
<wall x="20" y="21"/>
<wall x="21" y="21"/>
<wall x="22" y="21"/>
<wall x="23" y="21"/>
<wall x="24" y="21"/>
<wall x="25" y="21"/>
<wall x="26" y="21"/>
<wall x="27" y="21"/>
<wall x="28" y="21"/>
<wall x="29" y="21"/>
<wall x="30" y="21"/>
<wall x="31" y="21"/>
<wall x="32" y="21"/>
<wall x="33" y="21"/>
<wall x="34" y="21"/>
<wall x="35" y="21"/>
<wall x="36" y="21"/>
<wall x="37" y="21"/>
<wall x="38" y="21"/>
<wall x="39" y="21"/>
</level>
<level diamonds="24">
<wall x="0" y="0"/>
<wall x="1" y="0"/>
<wall x="2" y="0"/>
<wall x="3" y="0"/>
<wall x="4" y="0"/>
<wall x="5" y="0"/>
<wall x="6" y="0"/>
<wall x="7" y="0"/>
<wall x="8" y="0"/>
<wall x="9" y="0"/>
<wall x="10" y="0"/>
<wall x="11" y="0"/>
<wall x="12" y="0"/>
<wall x="13" y="0"/>
<wall x="14" y="0"/>
<wall x="15" y="0"/>
<wall x="16" y="0"/>
<wall x="17" y="0"/>
<wall x="18" y="0"/>
<wall x="19" y="0"/>
<wall x="20" y="0"/>
<wall x="21" y="0"/>
<wall x="22" y="0"/>
<wall x="23" y="0"/>
<wall x="24" y="0"/>
<wall x="25" y="0"/>
<wall x="26" y="0"/>
<wall x="27" y="0"/>
<wall x="28" y="0"/>
<wall x="29" y="0"/>
<wall x="30" y="0"/>
<wall x="31" y="0"/>
<wall x="32" y="0"/>
<wall x="33" y="0"/>
<wall x="34" y="0"/>
<wall x="35" y="0"/>
<wall x="36" y="0"/>
<wall x="37" y="0"/>
<wall x="38" y="0"/>
<wall x="39" y="0"/>
<wall x="0" y="1"/>
<rock x="1" y="1"/>
<wall x="3" y="1"/>
<wall x="4" y="1"/>
<wall x="6" y="1"/>
<rock x="7" y="1"/>
<rock x="8" y="1"/>
<wall x="10" y="1"/>
<rock x="14" y="1"/>
<wall x="15" y="1"/>
<rock x="16" y="1"/>
<rock x="19" y="1"/>
<wall x="24" y="1"/>
<rock x="28" y="1"/>
<rock x="34" y="1"/>
<wall x="35" y="1"/>
<diamond x="37" y="1"/>
<wall x="39" y="1"/>
<wall x="0" y="2"/>
<exit x="3" y="2"/>
<wall x="4" y="2"/>
<diamond x="6" y="2"/>
<rock x="8" y="2"/>
<wall x="10" y="2"/>
<wall x="14" y="2"/>
<wall x="15" y="2"/>
<wall x="16" y="2"/>
<wall x="19" y="2"/>
<rock x="21" y="2"/>
<rock x="26" y="2"/>
<rock x="29" y="2"/>
<rock x="31" y="2"/>
<wall x="35" y="2"/>
<wall x="37" y="2"/>
<rock x="38" y="2"/>
<wall x="39" y="2"/>
<wall x="0" y="3"/>
<wall x="5" y="3"/>
<rock x="8" y="3"/>
<diamond x="9" y="3"/>
<rock x="12" y="3"/>
<wall x="17" y="3"/>
<rock x="23" y="3"/>
<wall x="25" y="3"/>
<wall x="26" y="3"/>
<rock x="27" y="3"/>
<player x="32" y="3"/>
<wall x="35" y="3"/>
<wall x="37" y="3"/>
<wall x="38" y="3"/>
<wall x="39" y="3"/>
<wall x="0" y="4"/>
<diamond x="1" y="4"/>
<wall x="3" y="4"/>
<wall x="6" y="4"/>
<rock x="7" y="4"/>
<wall x="8" y="4"/>
<rock x="9" y="4"/>
<rock x="12" y="4"/>
<wall x="17" y="4"/>
<rock x="21" y="4"/>
<rock x="28" y="4"/>
<rock x="30" y="4"/>
<rock x="31" y="4"/>
<wall x="38" y="4"/>
<wall x="39" y="4"/>
<wall x="0" y="5"/>
<rock x="1" y="5"/>
<wall x="3" y="5"/>
<wall x="7" y="5"/>
<rock x="10" y="5"/>
<wall x="12" y="5"/>
<wall x="13" y="5"/>
<rock x="16" y="5"/>
<wall x="18" y="5"/>
<wall x="19" y="5"/>
<diamond x="20" y="5"/>
<rock x="28" y="5"/>
<rock x="30" y="5"/>
<rock x="31" y="5"/>
<wall x="38" y="5"/>
<wall x="39" y="5"/>
<wall x="0" y="6"/>
<rock x="1" y="6"/>
<rock x="2" y="6"/>
<rock x="5" y="6"/>
<wall x="10" y="6"/>
<rock x="14" y="6"/>
<rock x="21" y="6"/>
<rock x="23" y="6"/>
<rock x="24" y="6"/>
<rock x="31" y="6"/>
<diamond x="34" y="6"/>
<wall x="35" y="6"/>
<wall x="36" y="6"/>
<wall x="39" y="6"/>
<wall x="0" y="7"/>
<rock x="3" y="7"/>
<wall x="5" y="7"/>
<wall x="6" y="7"/>
<rock x="9" y="7"/>
<rock x="11" y="7"/>
<rock x="12" y="7"/>
<wall x="16" y="7"/>
<rock x="21" y="7"/>
<rock x="23" y="7"/>
<rock x="24" y="7"/>
<wall x="31" y="7"/>
<rock x="34" y="7"/>
<wall x="36" y="7"/>
<rock x="38" y="7"/>
<wall x="39" y="7"/>
<wall x="0" y="8"/>
<wall x="3" y="8"/>
<diamond x="7" y="8"/>
<diamond x="14" y="8"/>
<rock x="16" y="8"/>
<wall x="19" y="8"/>
<wall x="20" y="8"/>
<rock x="21" y="8"/>
<rock x="24" y="8"/>
<wall x="26" y="8"/>
<wall x="28" y="8"/>
<rock x="29" y="8"/>
<wall x="32" y="8"/>
<rock x="33" y="8"/>
<diamond x="36" y="8"/>
<rock x="38" y="8"/>
<wall x="39" y="8"/>
<wall x="0" y="9"/>
<rock x="1" y="9"/>
<rock x="3" y="9"/>
<wall x="8" y="9"/>
<wall x="10" y="9"/>
<wall x="11" y="9"/>
<diamond x="14" y="9"/>
<rock x="16" y="9"/>
<wall x="19" y="9"/>
<wall x="20" y="9"/>
<rock x="21" y="9"/>
<rock x="24" y="9"/>
<diamond x="27" y="9"/>
<wall x="29" y="9"/>
<wall x="33" y="9"/>
<rock x="36" y="9"/>
<wall x="38" y="9"/>
<wall x="39" y="9"/>
<wall x="0" y="10"/>
<rock x="2" y="10"/>
<wall x="4" y="10"/>
<wall x="5" y="10"/>
<rock x="11" y="10"/>
<rock x="12" y="10"/>
<wall x="13" y="10"/>
<rock x="14" y="10"/>
<diamond x="17" y="10"/>
<wall x="19" y="10"/>
<wall x="21" y="10"/>
<rock x="22" y="10"/>
<wall x="25" y="10"/>
<rock x="26" y="10"/>
<wall x="30" y="10"/>
<rock x="31" y="10"/>
<diamond x="34" y="10"/>
<rock x="36" y="10"/>
<wall x="39" y="10"/>
<wall x="0" y="11"/>
<wall x="1" y="11"/>
<wall x="3" y="11"/>
<wall x="4" y="11"/>
<rock x="11" y="11"/>
<rock x="12" y="11"/>
<wall x="13" y="11"/>
<rock x="14" y="11"/>
<rock x="17" y="11"/>
<wall x="19" y="11"/>
<wall x="21" y="11"/>
<wall x="22" y="11"/>
<wall x="26" y="11"/>
<rock x="29" y="11"/>
<wall x="31" y="11"/>
<wall x="32" y="11"/>
<rock x="35" y="11"/>
<wall x="37" y="11"/>
<wall x="38" y="11"/>
<wall x="39" y="11"/>
<wall x="0" y="12"/>
<wall x="2" y="12"/>
<rock x="4" y="12"/>
<rock x="6" y="12"/>
<wall x="8" y="12"/>
<wall x="12" y="12"/>
<wall x="13" y="12"/>
<rock x="14" y="12"/>
<rock x="17" y="12"/>
<wall x="22" y="12"/>
<rock x="26" y="12"/>
<wall x="32" y="12"/>
<wall x="33" y="12"/>
<rock x="35" y="12"/>
<wall x="37" y="12"/>
<wall x="38" y="12"/>
<wall x="39" y="12"/>
<wall x="0" y="13"/>
<wall x="2" y="13"/>
<rock x="4" y="13"/>
<rock x="6" y="13"/>
<wall x="8" y="13"/>
<diamond x="10" y="13"/>
<wall x="12" y="13"/>
<wall x="14" y="13"/>
<rock x="15" y="13"/>
<wall x="18" y="13"/>
<rock x="19" y="13"/>
<rock x="24" y="13"/>
<rock x="27" y="13"/>
<rock x="29" y="13"/>
<rock x="30" y="13"/>
<wall x="35" y="13"/>
<wall x="39" y="13"/>
<wall x="0" y="14"/>
<wall x="1" y="14"/>
<wall x="4" y="14"/>
<rock x="5" y="14"/>
<wall x="6" y="14"/>
<rock x="7" y="14"/>
<rock x="10" y="14"/>
<wall x="15" y="14"/>
<diamond x="19" y="14"/>
<wall x="23" y="14"/>
<rock x="25" y="14"/>
<wall x="26" y="14"/>
<wall x="33" y="14"/>
<wall x="35" y="14"/>
<wall x="36" y="14"/>
<diamond x="38" y="14"/>
<wall x="39" y="14"/>
<wall x="0" y="15"/>
<wall x="1" y="15"/>
<wall x="5" y="15"/>
<wall x="6" y="15"/>
<rock x="7" y="15"/>
<wall x="10" y="15"/>
<diamond x="12" y="15"/>
<wall x="16" y="15"/>
<rock x="17" y="15"/>
<rock x="20" y="15"/>
<rock x="22" y="15"/>
<rock x="26" y="15"/>
<wall x="28" y="15"/>
<rock x="29" y="15"/>
<wall x="36" y="15"/>
<wall x="39" y="15"/>
<wall x="0" y="16"/>
<wall x="1" y="16"/>
<diamond x="3" y="16"/>
<rock x="8" y="16"/>
<wall x="10" y="16"/>
<wall x="11" y="16"/>
<rock x="14" y="16"/>
<wall x="16" y="16"/>
<wall x="17" y="16"/>
<rock x="18" y="16"/>
<rock x="26" y="16"/>
<wall x="28" y="16"/>
<rock x="29" y="16"/>
<wall x="36" y="16"/>
<wall x="39" y="16"/>
<wall x="0" y="17"/>
<rock x="3" y="17"/>
<wall x="8" y="17"/>
<rock x="12" y="17"/>
<rock x="19" y="17"/>
<rock x="21" y="17"/>
<rock x="22" y="17"/>
<wall x="29" y="17"/>
<rock x="32" y="17"/>
<wall x="34" y="17"/>
<wall x="38" y="17"/>
<wall x="39" y="17"/>
<wall x="0" y="18"/>
<rock x="1" y="18"/>
<wall x="3" y="18"/>
<wall x="4" y="18"/>
<rock x="7" y="18"/>
<wall x="9" y="18"/>
<wall x="10" y="18"/>
<wall x="14" y="18"/>
<rock x="19" y="18"/>
<rock x="21" y="18"/>
<rock x="22" y="18"/>
<wall x="29" y="18"/>
<rock x="32" y="18"/>
<diamond x="33" y="18"/>
<rock x="36" y="18"/>
<wall x="39" y="18"/>
<wall x="0" y="19"/>
<wall x="1" y="19"/>
<rock x="5" y="19"/>
<rock x="12" y="19"/>
<rock x="14" y="19"/>
<diamond x="15" y="19"/>
<rock x="22" y="19"/>
<wall x="26" y="19"/>
<wall x="27" y="19"/>
<wall x="30" y="19"/>
<rock x="31" y="19"/>
<diamond x="34" y="19"/>
<wall x="36" y="19"/>
<wall x="39" y="19"/>
<wall x="0" y="20"/>
<rock x="1" y="20"/>
<rock x="2" y="20"/>
<wall x="6" y="20"/>
<rock x="12" y="20"/>
<rock x="14" y="20"/>
<diamond x="15" y="20"/>
<wall x="22" y="20"/>
<rock x="25" y="20"/>
<wall x="27" y="20"/>
<diamond x="28" y="20"/>
<diamond x="30" y="20"/>
<rock x="32" y="20"/>
<wall x="33" y="20"/>
<rock x="35" y="20"/>
<wall x="39" y="20"/>
<wall x="0" y="21"/>
<wall x="1" y="21"/>
<wall x="2" y="21"/>
<wall x="3" y="21"/>
<wall x="4" y="21"/>
<wall x="5" y="21"/>
<wall x="6" y="21"/>
<wall x="7" y="21"/>
<wall x="8" y="21"/>
<wall x="9" y="21"/>
<wall x="10" y="21"/>
<wall x="11" y="21"/>
<wall x="12" y="21"/>
<wall x="13" y="21"/>
<wall x="14" y="21"/>
<wall x="15" y="21"/>
<wall x="16" y="21"/>
<wall x="17" y="21"/>
<wall x="18" y="21"/>
<wall x="19" y="21"/>
<wall x="20" y="21"/>
<wall x="21" y="21"/>
<wall x="22" y="21"/>
<wall x="23" y="21"/>
<wall x="24" y="21"/>
<wall x="25" y="21"/>
<wall x="26" y="21"/>
<wall x="27" y="21"/>
<wall x="28" y="21"/>
<wall x="29" y="21"/>
<wall x="30" y="21"/>
<wall x="31" y="21"/>
<wall x="32" y="21"/>
<wall x="33" y="21"/>
<wall x="34" y="21"/>
<wall x="35" y="21"/>
<wall x="36" y="21"/>
<wall x="37" y="21"/>
<wall x="38" y="21"/>
<wall x="39" y="21"/>
</level>
<level diamonds="36">
<wall x="0" y="0"/>
<wall x="1" y="0"/>
<wall x="2" y="0"/>
<wall x="3" y="0"/>
<wall x="4" y="0"/>
<wall x="5" y="0"/>
<wall x="6" y="0"/>
<wall x="7" y="0"/>
<wall x="8" y="0"/>
<wall x="9" y="0"/>
<wall x="10" y="0"/>
<wall x="11" y="0"/>
<wall x="12" y="0"/>
<wall x="13" y="0"/>
<wall x="14" y="0"/>
<wall x="15" y="0"/>
<wall x="16" y="0"/>
<wall x="17" y="0"/>
<wall x="18" y="0"/>
<wall x="19" y="0"/>
<wall x="20" y="0"/>
<wall x="21" y="0"/>
<wall x="22" y="0"/>
<wall x="23" y="0"/>
<wall x="24" y="0"/>
<wall x="25" y="0"/>
<wall x="26" y="0"/>
<wall x="27" y="0"/>
<wall x="28" y="0"/>
<wall x="29" y="0"/>
<wall x="30" y="0"/>
<wall x="31" y="0"/>
<wall x="32" y="0"/>
<wall x="33" y="0"/>
<wall x="34" y="0"/>
<wall x="35" y="0"/>
<wall x="36" y="0"/>
<wall x="37" y="0"/>
<wall x="38" y="0"/>
<wall x="39" y="0"/>
<wall x="0" y="1"/>
<exit x="1" y="1"/>
<rock x="7" y="1"/>
<rock x="28" y="1"/>
<rock x="37" y="1"/>
<wall x="39" y="1"/>
<wall x="0" y="2"/>
<rock x="6" y="2"/>
<rock x="21" y="2"/>
<wall x="39" y="2"/>
<wall x="0" y="3"/>
<rock x="9" y="3"/>
<rock x="12" y="3"/>
<wall x="39" y="3"/>
<wall x="0" y="4"/>
<rock x="1" y="4"/>
<wall x="39" y="4"/>
<wall x="0" y="5"/>
<rock x="20" y="5"/>
<wall x="39" y="5"/>
<wall x="0" y="6"/>
<rock x="2" y="6"/>
<rock x="24" y="6"/>
<rock x="34" y="6"/>
<wall x="39" y="6"/>
<wall x="0" y="7"/>
<rock x="3" y="7"/>
<rock x="9" y="7"/>
<rock x="21" y="7"/>
<rock x="24" y="7"/>
<rock x="38" y="7"/>
<wall x="39" y="7"/>
<wall x="0" y="8"/>
<rock x="7" y="8"/>
<rock x="14" y="8"/>
<rock x="36" y="8"/>
<wall x="39" y="8"/>
<wall x="0" y="9"/>
<empty x="8" y="9"/>
<empty x="9" y="9"/>
<butterfly x="10" y="9"/>
<empty x="11" y="9"/>
<rock x="14" y="9"/>
<empty x="16" y="9"/>
<empty x="17" y="9"/>
<butterfly x="18" y="9"/>
<empty x="19" y="9"/>
<empty x="24" y="9"/>
<empty x="25" y="9"/>
<butterfly x="26" y="9"/>
<empty x="27" y="9"/>
<empty x="32" y="9"/>
<empty x="33" y="9"/>
<butterfly x="34" y="9"/>
<empty x="35" y="9"/>
<wall x="39" y="9"/>
<wall x="0" y="10"/>
<empty x="8" y="10"/>
<empty x="9" y="10"/>
<empty x="10" y="10"/>
<empty x="11" y="10"/>
<rock x="14" y="10"/>
<empty x="16" y="10"/>
<empty x="17" y="10"/>
<empty x="18" y="10"/>
<empty x="19" y="10"/>
<empty x="24" y="10"/>
<empty x="25" y="10"/>
<empty x="26" y="10"/>
<empty x="27" y="10"/>
<empty x="32" y="10"/>
<empty x="33" y="10"/>
<empty x="34" y="10"/>
<empty x="35" y="10"/>
<rock x="36" y="10"/>
<wall x="39" y="10"/>
<wall x="0" y="11"/>
<wall x="39" y="11"/>
<wall x="0" y="12"/>
<rock x="4" y="12"/>
<rock x="35" y="12"/>
<wall x="39" y="12"/>
<wall x="0" y="13"/>
<rock x="4" y="13"/>
<rock x="10" y="13"/>
<wall x="39" y="13"/>
<wall x="0" y="14"/>
<rock x="7" y="14"/>
<rock x="19" y="14"/>
<rock x="38" y="14"/>
<wall x="39" y="14"/>
<wall x="0" y="15"/>
<rock x="12" y="15"/>
<rock x="20" y="15"/>
<wall x="39" y="15"/>
<wall x="0" y="16"/>
<rock x="3" y="16"/>
<rock x="18" y="16"/>
<wall x="39" y="16"/>
<wall x="0" y="17"/>
<rock x="22" y="17"/>
<rock x="32" y="17"/>
<wall x="39" y="17"/>
<wall x="0" y="18"/>
<rock x="33" y="18"/>
<rock x="36" y="18"/>
<wall x="39" y="18"/>
<wall x="0" y="19"/>
<rock x="5" y="19"/>
<rock x="12" y="19"/>
<rock x="14" y="19"/>
<rock x="15" y="19"/>
<rock x="34" y="19"/>
<wall x="39" y="19"/>
<wall x="0" y="20"/>
<rock x="12" y="20"/>
<rock x="14" y="20"/>
<rock x="15" y="20"/>
<rock x="25" y="20"/>
<rock x="28" y="20"/>
<rock x="30" y="20"/>
<player x="38" y="20"/>
<wall x="39" y="20"/>
<wall x="0" y="21"/>
<wall x="1" y="21"/>
<wall x="2" y="21"/>
<wall x="3" y="21"/>
<wall x="4" y="21"/>
<wall x="5" y="21"/>
<wall x="6" y="21"/>
<wall x="7" y="21"/>
<wall x="8" y="21"/>
<wall x="9" y="21"/>
<wall x="10" y="21"/>
<wall x="11" y="21"/>
<wall x="12" y="21"/>
<wall x="13" y="21"/>
<wall x="14" y="21"/>
<wall x="15" y="21"/>
<wall x="16" y="21"/>
<wall x="17" y="21"/>
<wall x="18" y="21"/>
<wall x="19" y="21"/>
<wall x="20" y="21"/>
<wall x="21" y="21"/>
<wall x="22" y="21"/>
<wall x="23" y="21"/>
<wall x="24" y="21"/>
<wall x="25" y="21"/>
<wall x="26" y="21"/>
<wall x="27" y="21"/>
<wall x="28" y="21"/>
<wall x="29" y="21"/>
<wall x="30" y="21"/>
<wall x="31" y="21"/>
<wall x="32" y="21"/>
<wall x="33" y="21"/>
<wall x="34" y="21"/>
<wall x="35" y="21"/>
<wall x="36" y="21"/>
<wall x="37" y="21"/>
<wall x="38" y="21"/>
<wall x="39" y="21"/>
</level>
<level diamonds="8">
<wall x="0" y="0"/>
<wall x="1" y="0"/>
<wall x="2" y="0"/>
<wall x="3" y="0"/>
<wall x="4" y="0"/>
<wall x="5" y="0"/>
<wall x="6" y="0"/>
<wall x="7" y="0"/>
<wall x="8" y="0"/>
<wall x="9" y="0"/>
<wall x="10" y="0"/>
<wall x="11" y="0"/>
<wall x="12" y="0"/>
<wall x="13" y="0"/>
<wall x="14" y="0"/>
<wall x="15" y="0"/>
<wall x="16" y="0"/>
<wall x="17" y="0"/>
<wall x="18" y="0"/>
<wall x="19" y="0"/>
<wall x="20" y="0"/>
<wall x="21" y="0"/>
<wall x="22" y="0"/>
<wall x="23" y="0"/>
<wall x="24" y="0"/>
<wall x="25" y="0"/>
<wall x="26" y="0"/>
<wall x="27" y="0"/>
<wall x="28" y="0"/>
<wall x="29" y="0"/>
<wall x="30" y="0"/>
<wall x="31" y="0"/>
<wall x="32" y="0"/>
<wall x="33" y="0"/>
<wall x="34" y="0"/>
<wall x="35" y="0"/>
<wall x="36" y="0"/>
<wall x="37" y="0"/>
<wall x="38" y="0"/>
<wall x="39" y="0"/>
<wall x="0" y="1"/>
<exit x="1" y="1"/>
<wall x="39" y="1"/>
<wall x="0" y="2"/>
<wall x="39" y="2"/>
<wall x="0" y="3"/>
<wall x="39" y="3"/>
<wall x="0" y="4"/>
<wall x="39" y="4"/>
<wall x="0" y="5"/>
<player x="18" y="5"/>
<wall x="39" y="5"/>
<wall x="0" y="6"/>
<wall x="39" y="6"/>
<wall x="0" y="7"/>
<wall x="39" y="7"/>
<wall x="0" y="8"/>
<empty x="8" y="8"/>
<empty x="9" y="8"/>
<firefly x="10" y="8"/>
<empty x="16" y="8"/>
<empty x="17" y="8"/>
<firefly x="18" y="8"/>
<empty x="24" y="8"/>
<empty x="25" y="8"/>
<firefly x="26" y="8"/>
<empty x="32" y="8"/>
<empty x="33" y="8"/>
<firefly x="34" y="8"/>
<wall x="39" y="8"/>
<wall x="0" y="9"/>
<empty x="8" y="9"/>
<empty x="9" y="9"/>
<empty x="10" y="9"/>
<empty x="16" y="9"/>
<empty x="17" y="9"/>
<empty x="18" y="9"/>
<empty x="24" y="9"/>
<empty x="25" y="9"/>
<empty x="26" y="9"/>
<empty x="32" y="9"/>
<empty x="33" y="9"/>
<empty x="34" y="9"/>
<wall x="39" y="9"/>
<wall x="0" y="10"/>
<empty x="8" y="10"/>
<diamond x="9" y="10"/>
<empty x="10" y="10"/>
<empty x="16" y="10"/>
<diamond x="17" y="10"/>
<empty x="18" y="10"/>
<empty x="24" y="10"/>
<diamond x="25" y="10"/>
<empty x="26" y="10"/>
<empty x="32" y="10"/>
<diamond x="33" y="10"/>
<empty x="34" y="10"/>
<wall x="39" y="10"/>
<wall x="0" y="11"/>
<wall x="39" y="11"/>
<wall x="0" y="12"/>
<wall x="39" y="12"/>
<wall x="0" y="13"/>
<wall x="39" y="13"/>
<wall x="0" y="14"/>
<empty x="8" y="14"/>
<empty x="9" y="14"/>
<firefly x="10" y="14"/>
<empty x="16" y="14"/>
<empty x="17" y="14"/>
<firefly x="18" y="14"/>
<empty x="24" y="14"/>
<empty x="25" y="14"/>
<firefly x="26" y="14"/>
<empty x="32" y="14"/>
<empty x="33" y="14"/>
<firefly x="34" y="14"/>
<wall x="39" y="14"/>
<wall x="0" y="15"/>
<empty x="8" y="15"/>
<empty x="9" y="15"/>
<empty x="10" y="15"/>
<empty x="16" y="15"/>
<empty x="17" y="15"/>
<empty x="18" y="15"/>
<empty x="24" y="15"/>
<empty x="25" y="15"/>
<empty x="26" y="15"/>
<empty x="32" y="15"/>
<empty x="33" y="15"/>
<empty x="34" y="15"/>
<wall x="39" y="15"/>
<wall x="0" y="16"/>
<empty x="8" y="16"/>
<diamond x="9" y="16"/>
<empty x="10" y="16"/>
<empty x="16" y="16"/>
<diamond x="17" y="16"/>
<empty x="18" y="16"/>
<empty x="24" y="16"/>
<diamond x="25" y="16"/>
<empty x="26" y="16"/>
<empty x="32" y="16"/>
<diamond x="33" y="16"/>
<empty x="34" y="16"/>
<wall x="39" y="16"/>
<wall x="0" y="17"/>
<wall x="39" y="17"/>
<wall x="0" y="18"/>
<wall x="39" y="18"/>
<wall x="0" y="19"/>
<wall x="39" y="19"/>
<wall x="0" y="20"/>
<wall x="39" y="20"/>
<wall x="0" y="21"/>
<wall x="1" y="21"/>
<wall x="2" y="21"/>
<wall x="3" y="21"/>
<wall x="4" y="21"/>
<wall x="5" y="21"/>
<wall x="6" y="21"/>
<wall x="7" y="21"/>
<wall x="8" y="21"/>
<wall x="9" y="21"/>
<wall x="10" y="21"/>
<wall x="11" y="21"/>
<wall x="12" y="21"/>
<wall x="13" y="21"/>
<wall x="14" y="21"/>
<wall x="15" y="21"/>
<wall x="16" y="21"/>
<wall x="17" y="21"/>
<wall x="18" y="21"/>
<wall x="19" y="21"/>
<wall x="20" y="21"/>
<wall x="21" y="21"/>
<wall x="22" y="21"/>
<wall x="23" y="21"/>
<wall x="24" y="21"/>
<wall x="25" y="21"/>
<wall x="26" y="21"/>
<wall x="27" y="21"/>
<wall x="28" y="21"/>
<wall x="29" y="21"/>
<wall x="30" y="21"/>
<wall x="31" y="21"/>
<wall x="32" y="21"/>
<wall x="33" y="21"/>
<wall x="34" y="21"/>
<wall x="35" y="21"/>
<wall x="36" y="21"/>
<wall x="37" y="21"/>
<wall x="38" y="21"/>
<wall x="39" y="21"/>
</level>
<level diamonds="6">
<wall x="0" y="0"/>
<wall x="1" y="0"/>
<wall x="2" y="0"/>
<wall x="3" y="0"/>
<wall x="4" y="0"/>
<wall x="5" y="0"/>
<wall x="6" y="0"/>
<wall x="7" y="0"/>
<wall x="8" y="0"/>
<wall x="9" y="0"/>
<wall x="10" y="0"/>
<wall x="11" y="0"/>
<wall x="12" y="0"/>
<wall x="13" y="0"/>
<wall x="14" y="0"/>
<wall x="15" y="0"/>
<wall x="16" y="0"/>
<wall x="17" y="0"/>
<wall x="18" y="0"/>
<wall x="19" y="0"/>
<wall x="20" y="0"/>
<wall x="21" y="0"/>
<wall x="22" y="0"/>
<wall x="23" y="0"/>
<wall x="24" y="0"/>
<wall x="25" y="0"/>
<wall x="26" y="0"/>
<wall x="27" y="0"/>
<wall x="28" y="0"/>
<wall x="29" y="0"/>
<wall x="30" y="0"/>
<wall x="31" y="0"/>
<wall x="32" y="0"/>
<wall x="33" y="0"/>
<wall x="34" y="0"/>
<wall x="35" y="0"/>
<wall x="36" y="0"/>
<wall x="37" y="0"/>
<wall x="38" y="0"/>
<wall x="39" y="0"/>
<wall x="0" y="1"/>
<wall x="1" y="1"/>
<wall x="2" y="1"/>
<wall x="3" y="1"/>
<wall x="4" y="1"/>
<wall x="5" y="1"/>
<wall x="6" y="1"/>
<wall x="7" y="1"/>
<wall x="8" y="1"/>
<wall x="9" y="1"/>
<rock x="14" y="1"/>
<rock x="16" y="1"/>
<rock x="19" y="1"/>
<rock x="28" y="1"/>
<wall x="30" y="1"/>
<wall x="31" y="1"/>
<wall x="32" y="1"/>
<wall x="33" y="1"/>
<wall x="34" y="1"/>
<wall x="35" y="1"/>
<wall x="36" y="1"/>
<wall x="37" y="1"/>
<wall x="38" y="1"/>
<wall x="39" y="1"/>
<wall x="0" y="2"/>
<empty x="1" y="2"/>
<empty x="2" y="2"/>
<empty x="3" y="2"/>
<empty x="4" y="2"/>
<empty x="5" y="2"/>
<empty x="6" y="2"/>
<empty x="7" y="2"/>
<empty x="8" y="2"/>
<empty x="9" y="2"/>
<rock x="21" y="2"/>
<rock x="26" y="2"/>
<empty x="30" y="2"/>
<empty x="31" y="2"/>
<empty x="32" y="2"/>
<empty x="33" y="2"/>
<empty x="34" y="2"/>
<empty x="35" y="2"/>
<empty x="36" y="2"/>
<empty x="37" y="2"/>
<empty x="38" y="2"/>
<wall x="39" y="2"/>
<wall x="0" y="3"/>
<empty x="1" y="3"/>
<empty x="2" y="3"/>
<diamond x="3" y="3"/>
<firefly x="4" y="3"/>
<empty x="5" y="3"/>
<empty x="6" y="3"/>
<empty x="7" y="3"/>
<empty x="8" y="3"/>
<empty x="9" y="3"/>
<rock x="12" y="3"/>
<rock x="23" y="3"/>
<rock x="27" y="3"/>
<empty x="30" y="3"/>
<empty x="31" y="3"/>
<empty x="32" y="3"/>
<empty x="33" y="3"/>
<empty x="34" y="3"/>
<firefly x="35" y="3"/>
<diamond x="36" y="3"/>
<empty x="37" y="3"/>
<empty x="38" y="3"/>
<wall x="39" y="3"/>
<wall x="0" y="4"/>
<wall x="1" y="4"/>
<wall x="2" y="4"/>
<wall x="3" y="4"/>
<wall x="4" y="4"/>
<wall x="5" y="4"/>
<wall x="6" y="4"/>
<wall x="7" y="4"/>
<wall x="8" y="4"/>
<wall x="9" y="4"/>
<rock x="12" y="4"/>
<rock x="21" y="4"/>
<rock x="28" y="4"/>
<wall x="30" y="4"/>
<wall x="31" y="4"/>
<wall x="32" y="4"/>
<wall x="33" y="4"/>
<wall x="34" y="4"/>
<wall x="35" y="4"/>
<wall x="36" y="4"/>
<wall x="37" y="4"/>
<wall x="38" y="4"/>
<wall x="39" y="4"/>
<wall x="0" y="5"/>
<empty x="1" y="5"/>
<empty x="2" y="5"/>
<empty x="3" y="5"/>
<empty x="4" y="5"/>
<empty x="5" y="5"/>
<empty x="6" y="5"/>
<empty x="7" y="5"/>
<empty x="8" y="5"/>
<empty x="9" y="5"/>
<rock x="16" y="5"/>
<rock x="20" y="5"/>
<rock x="28" y="5"/>
<empty x="30" y="5"/>
<empty x="31" y="5"/>
<empty x="32" y="5"/>
<empty x="33" y="5"/>
<empty x="34" y="5"/>
<empty x="35" y="5"/>
<empty x="36" y="5"/>
<empty x="37" y="5"/>
<empty x="38" y="5"/>
<wall x="39" y="5"/>
<wall x="0" y="6"/>
<empty x="1" y="6"/>
<empty x="2" y="6"/>
<diamond x="3" y="6"/>
<firefly x="4" y="6"/>
<empty x="5" y="6"/>
<empty x="6" y="6"/>
<empty x="7" y="6"/>
<empty x="8" y="6"/>
<empty x="9" y="6"/>
<rock x="14" y="6"/>
<rock x="21" y="6"/>
<rock x="23" y="6"/>
<rock x="24" y="6"/>
<empty x="30" y="6"/>
<empty x="31" y="6"/>
<empty x="32" y="6"/>
<empty x="33" y="6"/>
<empty x="34" y="6"/>
<firefly x="35" y="6"/>
<diamond x="36" y="6"/>
<empty x="37" y="6"/>
<empty x="38" y="6"/>
<wall x="39" y="6"/>
<wall x="0" y="7"/>
<wall x="1" y="7"/>
<wall x="2" y="7"/>
<wall x="3" y="7"/>
<wall x="4" y="7"/>
<wall x="5" y="7"/>
<wall x="6" y="7"/>
<wall x="7" y="7"/>
<wall x="8" y="7"/>
<wall x="9" y="7"/>
<rock x="11" y="7"/>
<rock x="12" y="7"/>
<rock x="21" y="7"/>
<rock x="23" y="7"/>
<rock x="24" y="7"/>
<wall x="30" y="7"/>
<wall x="31" y="7"/>
<wall x="32" y="7"/>
<wall x="33" y="7"/>
<wall x="34" y="7"/>
<wall x="35" y="7"/>
<wall x="36" y="7"/>
<wall x="37" y="7"/>
<wall x="38" y="7"/>
<wall x="39" y="7"/>
<wall x="0" y="8"/>
<empty x="1" y="8"/>
<empty x="2" y="8"/>
<empty x="3" y="8"/>
<empty x="4" y="8"/>
<empty x="5" y="8"/>
<empty x="6" y="8"/>
<empty x="7" y="8"/>
<empty x="8" y="8"/>
<empty x="9" y="8"/>
<rock x="14" y="8"/>
<rock x="16" y="8"/>
<rock x="21" y="8"/>
<rock x="24" y="8"/>
<empty x="30" y="8"/>
<empty x="31" y="8"/>
<empty x="32" y="8"/>
<empty x="33" y="8"/>
<empty x="34" y="8"/>
<empty x="35" y="8"/>
<empty x="36" y="8"/>
<empty x="37" y="8"/>
<empty x="38" y="8"/>
<wall x="39" y="8"/>
<wall x="0" y="9"/>
<empty x="1" y="9"/>
<empty x="2" y="9"/>
<diamond x="3" y="9"/>
<firefly x="4" y="9"/>
<empty x="5" y="9"/>
<empty x="6" y="9"/>
<empty x="7" y="9"/>
<empty x="8" y="9"/>
<empty x="9" y="9"/>
<rock x="14" y="9"/>
<rock x="16" y="9"/>
<rock x="21" y="9"/>
<rock x="24" y="9"/>
<rock x="27" y="9"/>
<empty x="30" y="9"/>
<empty x="31" y="9"/>
<empty x="32" y="9"/>
<empty x="33" y="9"/>
<empty x="34" y="9"/>
<firefly x="35" y="9"/>
<diamond x="36" y="9"/>
<empty x="37" y="9"/>
<empty x="38" y="9"/>
<wall x="39" y="9"/>
<wall x="0" y="10"/>
<wall x="1" y="10"/>
<wall x="2" y="10"/>
<wall x="3" y="10"/>
<wall x="4" y="10"/>
<wall x="5" y="10"/>
<wall x="6" y="10"/>
<wall x="7" y="10"/>
<wall x="8" y="10"/>
<wall x="9" y="10"/>
<rock x="11" y="10"/>
<rock x="12" y="10"/>
<rock x="14" y="10"/>
<rock x="17" y="10"/>
<rock x="22" y="10"/>
<rock x="26" y="10"/>
<wall x="30" y="10"/>
<wall x="31" y="10"/>
<wall x="32" y="10"/>
<wall x="33" y="10"/>
<wall x="34" y="10"/>
<wall x="35" y="10"/>
<wall x="36" y="10"/>
<wall x="37" y="10"/>
<wall x="38" y="10"/>
<wall x="39" y="10"/>
<wall x="0" y="11"/>
<empty x="1" y="11"/>
<empty x="2" y="11"/>
<empty x="3" y="11"/>
<empty x="4" y="11"/>
<empty x="5" y="11"/>
<empty x="6" y="11"/>
<empty x="7" y="11"/>
<empty x="8" y="11"/>
<empty x="9" y="11"/>
<rock x="11" y="11"/>
<rock x="12" y="11"/>
<rock x="14" y="11"/>
<rock x="17" y="11"/>
<empty x="30" y="11"/>
<empty x="31" y="11"/>
<empty x="32" y="11"/>
<empty x="33" y="11"/>
<empty x="34" y="11"/>
<empty x="35" y="11"/>
<empty x="36" y="11"/>
<empty x="37" y="11"/>
<empty x="38" y="11"/>
<wall x="39" y="11"/>
<wall x="0" y="12"/>
<empty x="1" y="12"/>
<empty x="2" y="12"/>
<diamond x="3" y="12"/>
<firefly x="4" y="12"/>
<empty x="5" y="12"/>
<empty x="6" y="12"/>
<empty x="7" y="12"/>
<empty x="8" y="12"/>
<empty x="9" y="12"/>
<rock x="14" y="12"/>
<rock x="17" y="12"/>
<rock x="26" y="12"/>
<empty x="30" y="12"/>
<empty x="31" y="12"/>
<empty x="32" y="12"/>
<empty x="33" y="12"/>
<empty x="34" y="12"/>
<firefly x="35" y="12"/>
<diamond x="36" y="12"/>
<empty x="37" y="12"/>
<empty x="38" y="12"/>
<wall x="39" y="12"/>
<wall x="0" y="13"/>
<wall x="1" y="13"/>
<wall x="2" y="13"/>
<wall x="3" y="13"/>
<wall x="4" y="13"/>
<wall x="5" y="13"/>
<wall x="6" y="13"/>
<wall x="7" y="13"/>
<wall x="8" y="13"/>
<wall x="9" y="13"/>
<rock x="15" y="13"/>
<rock x="19" y="13"/>
<rock x="24" y="13"/>
<rock x="27" y="13"/>
<wall x="30" y="13"/>
<wall x="31" y="13"/>
<wall x="32" y="13"/>
<wall x="33" y="13"/>
<wall x="34" y="13"/>
<wall x="35" y="13"/>
<wall x="36" y="13"/>
<wall x="37" y="13"/>
<wall x="38" y="13"/>
<wall x="39" y="13"/>
<wall x="0" y="14"/>
<rock x="5" y="14"/>
<rock x="7" y="14"/>
<rock x="10" y="14"/>
<rock x="19" y="14"/>
<rock x="25" y="14"/>
<rock x="38" y="14"/>
<wall x="39" y="14"/>
<wall x="0" y="15"/>
<rock x="7" y="15"/>
<rock x="12" y="15"/>
<rock x="17" y="15"/>
<rock x="20" y="15"/>
<rock x="22" y="15"/>
<rock x="26" y="15"/>
<rock x="29" y="15"/>
<wall x="39" y="15"/>
<wall x="0" y="16"/>
<rock x="3" y="16"/>
<rock x="8" y="16"/>
<rock x="14" y="16"/>
<rock x="18" y="16"/>
<rock x="26" y="16"/>
<rock x="29" y="16"/>
<wall x="39" y="16"/>
<wall x="0" y="17"/>
<rock x="3" y="17"/>
<rock x="12" y="17"/>
<rock x="19" y="17"/>
<rock x="21" y="17"/>
<rock x="22" y="17"/>
<rock x="32" y="17"/>
<wall x="39" y="17"/>
<wall x="0" y="18"/>
<rock x="1" y="18"/>
<exit x="3" y="18"/>
<rock x="7" y="18"/>
<rock x="19" y="18"/>
<rock x="21" y="18"/>
<rock x="22" y="18"/>
<rock x="32" y="18"/>
<rock x="33" y="18"/>
<rock x="36" y="18"/>
<player x="38" y="18"/>
<wall x="39" y="18"/>
<wall x="0" y="19"/>
<rock x="5" y="19"/>
<rock x="12" y="19"/>
<rock x="14" y="19"/>
<rock x="15" y="19"/>
<rock x="22" y="19"/>
<rock x="31" y="19"/>
<rock x="34" y="19"/>
<wall x="39" y="19"/>
<wall x="0" y="20"/>
<rock x="1" y="20"/>
<rock x="2" y="20"/>
<rock x="12" y="20"/>
<rock x="14" y="20"/>
<rock x="15" y="20"/>
<rock x="25" y="20"/>
<rock x="28" y="20"/>
<rock x="30" y="20"/>
<rock x="32" y="20"/>
<rock x="35" y="20"/>
<wall x="39" y="20"/>
<wall x="0" y="21"/>
<wall x="1" y="21"/>
<wall x="2" y="21"/>
<wall x="3" y="21"/>
<wall x="4" y="21"/>
<wall x="5" y="21"/>
<wall x="6" y="21"/>
<wall x="7" y="21"/>
<wall x="8" y="21"/>
<wall x="9" y="21"/>
<wall x="10" y="21"/>
<wall x="11" y="21"/>
<wall x="12" y="21"/>
<wall x="13" y="21"/>
<wall x="14" y="21"/>
<wall x="15" y="21"/>
<wall x="16" y="21"/>
<wall x="17" y="21"/>
<wall x="18" y="21"/>
<wall x="19" y="21"/>
<wall x="20" y="21"/>
<wall x="21" y="21"/>
<wall x="22" y="21"/>
<wall x="23" y="21"/>
<wall x="24" y="21"/>
<wall x="25" y="21"/>
<wall x="26" y="21"/>
<wall x="27" y="21"/>
<wall x="28" y="21"/>
<wall x="29" y="21"/>
<wall x="30" y="21"/>
<wall x="31" y="21"/>
<wall x="32" y="21"/>
<wall x="33" y="21"/>
<wall x="34" y="21"/>
<wall x="35" y="21"/>
<wall x="36" y="21"/>
<wall x="37" y="21"/>
<wall x="38" y="21"/>
<wall x="39" y="21"/>
</level>
<level diamonds="70">
<wall x="0" y="0"/>
<wall x="1" y="0"/>
<wall x="2" y="0"/>
<wall x="3" y="0"/>
<wall x="4" y="0"/>
<wall x="5" y="0"/>
<wall x="6" y="0"/>
<wall x="7" y="0"/>
<wall x="8" y="0"/>
<wall x="9" y="0"/>
<wall x="10" y="0"/>
<wall x="11" y="0"/>
<wall x="12" y="0"/>
<wall x="13" y="0"/>
<wall x="14" y="0"/>
<wall x="15" y="0"/>
<wall x="16" y="0"/>
<wall x="17" y="0"/>
<wall x="18" y="0"/>
<wall x="19" y="0"/>
<wall x="20" y="0"/>
<wall x="21" y="0"/>
<wall x="22" y="0"/>
<wall x="23" y="0"/>
<wall x="24" y="0"/>
<wall x="25" y="0"/>
<wall x="26" y="0"/>
<wall x="27" y="0"/>
<wall x="28" y="0"/>
<wall x="29" y="0"/>
<wall x="30" y="0"/>
<wall x="31" y="0"/>
<wall x="32" y="0"/>
<wall x="33" y="0"/>
<wall x="34" y="0"/>
<wall x="35" y="0"/>
<wall x="36" y="0"/>
<wall x="37" y="0"/>
<wall x="38" y="0"/>
<wall x="39" y="0"/>
<wall x="0" y="1"/>
<diamond x="1" y="1"/>
<diamond x="2" y="1"/>
<diamond x="3" y="1"/>
<rock x="4" y="1"/>
<rock x="5" y="1"/>
<diamond x="6" y="1"/>
<diamond x="7" y="1"/>
<rock x="8" y="1"/>
<diamond x="9" y="1"/>
<diamond x="10" y="1"/>
<rock x="11" y="1"/>
<rock x="13" y="1"/>
<rock x="14" y="1"/>
<rock x="15" y="1"/>
<rock x="16" y="1"/>
<diamond x="17" y="1"/>
<rock x="18" y="1"/>
<diamond x="19" y="1"/>
<diamond x="20" y="1"/>
<diamond x="22" y="1"/>
<diamond x="23" y="1"/>
<rock x="24" y="1"/>
<diamond x="25" y="1"/>
<diamond x="26" y="1"/>
<rock x="27" y="1"/>
<diamond x="28" y="1"/>
<diamond x="29" y="1"/>
<diamond x="30" y="1"/>
<diamond x="31" y="1"/>
<rock x="32" y="1"/>
<rock x="33" y="1"/>
<diamond x="34" y="1"/>
<rock x="35" y="1"/>
<diamond x="36" y="1"/>
<rock x="37" y="1"/>
<rock x="38" y="1"/>
<wall x="39" y="1"/>
<wall x="0" y="2"/>
<diamond x="1" y="2"/>
<rock x="2" y="2"/>
<rock x="3" y="2"/>
<diamond x="4" y="2"/>
<diamond x="5" y="2"/>
<diamond x="6" y="2"/>
<rock x="7" y="2"/>
<rock x="8" y="2"/>
<rock x="9" y="2"/>
<diamond x="10" y="2"/>
<rock x="11" y="2"/>
<diamond x="12" y="2"/>
<diamond x="13" y="2"/>
<rock x="14" y="2"/>
<rock x="15" y="2"/>
<rock x="16" y="2"/>
<rock x="17" y="2"/>
<rock x="18" y="2"/>
<rock x="19" y="2"/>
<diamond x="20" y="2"/>
<rock x="21" y="2"/>
<rock x="22" y="2"/>
<diamond x="23" y="2"/>
<diamond x="25" y="2"/>
<rock x="26" y="2"/>
<diamond x="27" y="2"/>
<rock x="28" y="2"/>
<rock x="29" y="2"/>
<rock x="30" y="2"/>
<rock x="31" y="2"/>
<diamond x="32" y="2"/>
<rock x="33" y="2"/>
<diamond x="34" y="2"/>
<diamond x="35" y="2"/>
<rock x="36" y="2"/>
<rock x="37" y="2"/>
<diamond x="38" y="2"/>
<wall x="39" y="2"/>
<wall x="0" y="3"/>
<diamond x="1" y="3"/>
<diamond x="2" y="3"/>
<rock x="3" y="3"/>
<rock x="4" y="3"/>
<rock x="5" y="3"/>
<rock x="6" y="3"/>
<rock x="7" y="3"/>
<rock x="8" y="3"/>
<rock x="9" y="3"/>
<diamond x="10" y="3"/>
<rock x="11" y="3"/>
<diamond x="12" y="3"/>
<diamond x="13" y="3"/>
<rock x="14" y="3"/>
<rock x="15" y="3"/>
<rock x="17" y="3"/>
<rock x="18" y="3"/>
<rock x="19" y="3"/>
<diamond x="20" y="3"/>
<rock x="21" y="3"/>
<rock x="22" y="3"/>
<diamond x="23" y="3"/>
<diamond x="24" y="3"/>
<diamond x="25" y="3"/>
<rock x="26" y="3"/>
<diamond x="27" y="3"/>
<rock x="28" y="3"/>
<rock x="30" y="3"/>
<rock x="31" y="3"/>
<diamond x="32" y="3"/>
<rock x="33" y="3"/>
<rock x="34" y="3"/>
<rock x="35" y="3"/>
<diamond x="36" y="3"/>
<diamond x="37" y="3"/>
<rock x="38" y="3"/>
<wall x="39" y="3"/>
<wall x="0" y="4"/>
<rock x="1" y="4"/>
<rock x="2" y="4"/>
<diamond x="3" y="4"/>
<rock x="4" y="4"/>
<diamond x="5" y="4"/>
<diamond x="6" y="4"/>
<rock x="7" y="4"/>
<rock x="8" y="4"/>
<rock x="9" y="4"/>
<rock x="10" y="4"/>
<rock x="11" y="4"/>
<rock x="12" y="4"/>
<diamond x="13" y="4"/>
<rock x="14" y="4"/>
<rock x="15" y="4"/>
<diamond x="16" y="4"/>
<diamond x="17" y="4"/>
<diamond x="18" y="4"/>
<diamond x="21" y="4"/>
<diamond x="22" y="4"/>
<rock x="23" y="4"/>
<rock x="24" y="4"/>
<diamond x="25" y="4"/>
<rock x="26" y="4"/>
<diamond x="27" y="4"/>
<diamond x="28" y="4"/>
<rock x="29" y="4"/>
<rock x="30" y="4"/>
<diamond x="31" y="4"/>
<rock x="32" y="4"/>
<diamond x="33" y="4"/>
<diamond x="34" y="4"/>
<rock x="36" y="4"/>
<rock x="37" y="4"/>
<diamond x="38" y="4"/>
<wall x="39" y="4"/>
<wall x="0" y="5"/>
<rock x="1" y="5"/>
<rock x="2" y="5"/>
<diamond x="3" y="5"/>
<rock x="4" y="5"/>
<diamond x="5" y="5"/>
<diamond x="6" y="5"/>
<rock x="7" y="5"/>
<rock x="8" y="5"/>
<rock x="9" y="5"/>
<rock x="10" y="5"/>
<rock x="11" y="5"/>
<rock x="12" y="5"/>
<diamond x="13" y="5"/>
<rock x="14" y="5"/>
<rock x="15" y="5"/>
<diamond x="16" y="5"/>
<diamond x="18" y="5"/>
<rock x="19" y="5"/>
<diamond x="20" y="5"/>
<rock x="21" y="5"/>
<rock x="22" y="5"/>
<rock x="23" y="5"/>
<rock x="24" y="5"/>
<diamond x="25" y="5"/>
<rock x="26" y="5"/>
<diamond x="27" y="5"/>
<rock x="28" y="5"/>
<diamond x="29" y="5"/>
<rock x="30" y="5"/>
<rock x="31" y="5"/>
<diamond x="32" y="5"/>
<diamond x="33" y="5"/>
<rock x="34" y="5"/>
<rock x="35" y="5"/>
<diamond x="36" y="5"/>
<rock x="37" y="5"/>
<diamond x="38" y="5"/>
<wall x="39" y="5"/>
<wall x="0" y="6"/>
<diamond x="1" y="6"/>
<diamond x="2" y="6"/>
<diamond x="3" y="6"/>
<rock x="4" y="6"/>
<rock x="5" y="6"/>
<diamond x="6" y="6"/>
<rock x="7" y="6"/>
<diamond x="8" y="6"/>
<diamond x="10" y="6"/>
<diamond x="11" y="6"/>
<rock x="12" y="6"/>
<rock x="13" y="6"/>
<diamond x="14" y="6"/>
<diamond x="15" y="6"/>
<rock x="16" y="6"/>
<rock x="17" y="6"/>
<diamond x="18" y="6"/>
<diamond x="19" y="6"/>
<diamond x="20" y="6"/>
<rock x="21" y="6"/>
<rock x="22" y="6"/>
<diamond x="23" y="6"/>
<rock x="24" y="6"/>
<diamond x="25" y="6"/>
<rock x="26" y="6"/>
<rock x="27" y="6"/>
<rock x="28" y="6"/>
<diamond x="30" y="6"/>
<rock x="31" y="6"/>
<diamond x="32" y="6"/>
<diamond x="33" y="6"/>
<rock x="34" y="6"/>
<rock x="35" y="6"/>
<diamond x="36" y="6"/>
<rock x="37" y="6"/>
<diamond x="38" y="6"/>
<wall x="39" y="6"/>
<wall x="0" y="7"/>
<rock x="1" y="7"/>
<rock x="2" y="7"/>
<rock x="3" y="7"/>
<rock x="4" y="7"/>
<rock x="5" y="7"/>
<diamond x="6" y="7"/>
<rock x="7" y="7"/>
<rock x="8" y="7"/>
<diamond x="9" y="7"/>
<diamond x="10" y="7"/>
<diamond x="11" y="7"/>
<diamond x="12" y="7"/>
<rock x="15" y="7"/>
<rock x="16" y="7"/>
<rock x="17" y="7"/>
<diamond x="18" y="7"/>
<rock x="19" y="7"/>
<diamond x="20" y="7"/>
<diamond x="21" y="7"/>
<rock x="23" y="7"/>
<diamond x="24" y="7"/>
<rock x="25" y="7"/>
<diamond x="26" y="7"/>
<diamond x="27" y="7"/>
<rock x="28" y="7"/>
<rock x="30" y="7"/>
<rock x="31" y="7"/>
<diamond x="32" y="7"/>
<diamond x="33" y="7"/>
<diamond x="34" y="7"/>
<diamond x="35" y="7"/>
<diamond x="36" y="7"/>
<diamond x="37" y="7"/>
<rock x="38" y="7"/>
<wall x="39" y="7"/>
<wall x="0" y="8"/>
<diamond x="1" y="8"/>
<rock x="2" y="8"/>
<diamond x="3" y="8"/>
<diamond x="4" y="8"/>
<wall x="5" y="8"/>
<wall x="6" y="8"/>
<wall x="7" y="8"/>
<wall x="8" y="8"/>
<wall x="9" y="8"/>
<wall x="10" y="8"/>
<wall x="11" y="8"/>
<wall x="13" y="8"/>
<wall x="14" y="8"/>
<wall x="15" y="8"/>
<wall x="16" y="8"/>
<wall x="17" y="8"/>
<diamond x="18" y="8"/>
<rock x="19" y="8"/>
<rock x="20" y="8"/>
<rock x="21" y="8"/>
<rock x="22" y="8"/>
<diamond x="23" y="8"/>
<rock x="24" y="8"/>
<wall x="25" y="8"/>
<wall x="26" y="8"/>
<wall x="27" y="8"/>
<wall x="28" y="8"/>
<wall x="29" y="8"/>
<wall x="30" y="8"/>
<wall x="32" y="8"/>
<wall x="33" y="8"/>
<wall x="34" y="8"/>
<wall x="35" y="8"/>
<wall x="36" y="8"/>
<wall x="37" y="8"/>
<rock x="38" y="8"/>
<wall x="39" y="8"/>
<wall x="0" y="9"/>
<diamond x="1" y="9"/>
<diamond x="3" y="9"/>
<diamond x="4" y="9"/>
<empty x="5" y="9"/>
<empty x="6" y="9"/>
<empty x="7" y="9"/>
<empty x="8" y="9"/>
<empty x="9" y="9"/>
<empty x="10" y="9"/>
<empty x="11" y="9"/>
<empty x="12" y="9"/>
<empty x="13" y="9"/>
<empty x="14" y="9"/>
<empty x="15" y="9"/>
<empty x="16" y="9"/>
<empty x="17" y="9"/>
<rock x="18" y="9"/>
<diamond x="19" y="9"/>
<diamond x="20" y="9"/>
<rock x="21" y="9"/>
<rock x="22" y="9"/>
<rock x="23" y="9"/>
<diamond x="24" y="9"/>
<empty x="25" y="9"/>
<empty x="26" y="9"/>
<empty x="27" y="9"/>
<empty x="28" y="9"/>
<empty x="29" y="9"/>
<empty x="30" y="9"/>
<empty x="31" y="9"/>
<empty x="32" y="9"/>
<empty x="33" y="9"/>
<empty x="34" y="9"/>
<empty x="35" y="9"/>
<empty x="36" y="9"/>
<empty x="37" y="9"/>
<rock x="38" y="9"/>
<wall x="39" y="9"/>
<wall x="0" y="10"/>
<diamond x="1" y="10"/>
<rock x="2" y="10"/>
<diamond x="3" y="10"/>
<rock x="4" y="10"/>
<empty x="5" y="10"/>
<empty x="6" y="10"/>
<exit x="7" y="10"/>
<player x="8" y="10"/>
<empty x="9" y="10"/>
<empty x="10" y="10"/>
<empty x="11" y="10"/>
<empty x="12" y="10"/>
<empty x="13" y="10"/>
<empty x="14" y="10"/>
<empty x="15" y="10"/>
<empty x="16" y="10"/>
<empty x="17" y="10"/>
<rock x="18" y="10"/>
<diamond x="19" y="10"/>
<diamond x="20" y="10"/>
<rock x="21" y="10"/>
<rock x="22" y="10"/>
<rock x="23" y="10"/>
<diamond x="24" y="10"/>
<empty x="25" y="10"/>
<empty x="26" y="10"/>
<empty x="27" y="10"/>
<empty x="28" y="10"/>
<empty x="29" y="10"/>
<empty x="30" y="10"/>
<empty x="31" y="10"/>
<empty x="32" y="10"/>
<empty x="33" y="10"/>
<empty x="34" y="10"/>
<empty x="35" y="10"/>
<empty x="36" y="10"/>
<empty x="37" y="10"/>
<rock x="38" y="10"/>
<wall x="39" y="10"/>
<wall x="0" y="11"/>
<diamond x="1" y="11"/>
<rock x="2" y="11"/>
<rock x="3" y="11"/>
<diamond x="4" y="11"/>
<empty x="5" y="11"/>
<empty x="6" y="11"/>
<empty x="7" y="11"/>
<empty x="8" y="11"/>
<empty x="9" y="11"/>
<empty x="10" y="11"/>
<empty x="11" y="11"/>
<empty x="12" y="11"/>
<empty x="13" y="11"/>
<empty x="14" y="11"/>
<empty x="15" y="11"/>
<empty x="16" y="11"/>
<empty x="17" y="11"/>
<rock x="18" y="11"/>
<rock x="20" y="11"/>
<rock x="21" y="11"/>
<diamond x="22" y="11"/>
<diamond x="23" y="11"/>
<rock x="24" y="11"/>
<empty x="25" y="11"/>
<empty x="26" y="11"/>
<empty x="27" y="11"/>
<empty x="28" y="11"/>
<empty x="29" y="11"/>
<empty x="30" y="11"/>
<empty x="31" y="11"/>
<empty x="32" y="11"/>
<empty x="33" y="11"/>
<empty x="34" y="11"/>
<empty x="35" y="11"/>
<empty x="36" y="11"/>
<empty x="37" y="11"/>
<rock x="38" y="11"/>
<wall x="39" y="11"/>
<wall x="0" y="12"/>
<diamond x="1" y="12"/>
<rock x="2" y="12"/>
<rock x="3" y="12"/>
<diamond x="4" y="12"/>
<empty x="5" y="12"/>
<empty x="6" y="12"/>
<empty x="7" y="12"/>
<empty x="8" y="12"/>
<empty x="9" y="12"/>
<empty x="10" y="12"/>
<empty x="11" y="12"/>
<empty x="12" y="12"/>
<empty x="13" y="12"/>
<empty x="14" y="12"/>
<empty x="15" y="12"/>
<empty x="16" y="12"/>
<empty x="17" y="12"/>
<diamond x="18" y="12"/>
<diamond x="19" y="12"/>
<diamond x="20" y="12"/>
<diamond x="21" y="12"/>
<rock x="22" y="12"/>
<diamond x="23" y="12"/>
<rock x="24" y="12"/>
<empty x="25" y="12"/>
<empty x="26" y="12"/>
<empty x="27" y="12"/>
<empty x="28" y="12"/>
<empty x="29" y="12"/>
<empty x="30" y="12"/>
<empty x="31" y="12"/>
<empty x="32" y="12"/>
<empty x="33" y="12"/>
<empty x="34" y="12"/>
<empty x="35" y="12"/>
<empty x="36" y="12"/>
<empty x="37" y="12"/>
<diamond x="38" y="12"/>
<wall x="39" y="12"/>
<wall x="0" y="13"/>
<rock x="1" y="13"/>
<diamond x="2" y="13"/>
<diamond x="3" y="13"/>
<diamond x="4" y="13"/>
<empty x="5" y="13"/>
<empty x="6" y="13"/>
<empty x="7" y="13"/>
<empty x="8" y="13"/>
<empty x="9" y="13"/>
<empty x="10" y="13"/>
<empty x="11" y="13"/>
<empty x="12" y="13"/>
<empty x="13" y="13"/>
<empty x="14" y="13"/>
<empty x="15" y="13"/>
<empty x="16" y="13"/>
<empty x="17" y="13"/>
<diamond x="18" y="13"/>
<rock x="19" y="13"/>
<rock x="20" y="13"/>
<diamond x="21" y="13"/>
<diamond x="23" y="13"/>
<rock x="24" y="13"/>
<empty x="25" y="13"/>
<empty x="26" y="13"/>
<empty x="27" y="13"/>
<empty x="28" y="13"/>
<empty x="29" y="13"/>
<empty x="30" y="13"/>
<empty x="31" y="13"/>
<empty x="32" y="13"/>
<empty x="33" y="13"/>
<empty x="34" y="13"/>
<empty x="35" y="13"/>
<empty x="36" y="13"/>
<empty x="37" y="13"/>
<diamond x="38" y="13"/>
<wall x="39" y="13"/>
<wall x="0" y="14"/>
<rock x="1" y="14"/>
<rock x="2" y="14"/>
<rock x="3" y="14"/>
<rock x="4" y="14"/>
<empty x="5" y="14"/>
<empty x="6" y="14"/>
<empty x="7" y="14"/>
<empty x="8" y="14"/>
<empty x="9" y="14"/>
<empty x="10" y="14"/>
<empty x="11" y="14"/>
<empty x="12" y="14"/>
<empty x="13" y="14"/>
<empty x="14" y="14"/>
<empty x="15" y="14"/>
<empty x="16" y="14"/>
<empty x="17" y="14"/>
<diamond x="18" y="14"/>
<rock x="19" y="14"/>
<rock x="20" y="14"/>
<diamond x="21" y="14"/>
<diamond x="22" y="14"/>
<rock x="23" y="14"/>
<rock x="24" y="14"/>
<empty x="25" y="14"/>
<empty x="26" y="14"/>
<empty x="27" y="14"/>
<empty x="28" y="14"/>
<empty x="29" y="14"/>
<empty x="30" y="14"/>
<empty x="31" y="14"/>
<empty x="32" y="14"/>
<empty x="33" y="14"/>
<empty x="34" y="14"/>
<empty x="35" y="14"/>
<empty x="36" y="14"/>
<empty x="37" y="14"/>
<rock x="38" y="14"/>
<wall x="39" y="14"/>
<wall x="0" y="15"/>
<diamond x="1" y="15"/>
<rock x="2" y="15"/>
<diamond x="3" y="15"/>
<diamond x="4" y="15"/>
<empty x="5" y="15"/>
<empty x="6" y="15"/>
<empty x="7" y="15"/>
<empty x="8" y="15"/>
<empty x="9" y="15"/>
<empty x="10" y="15"/>
<empty x="11" y="15"/>
<empty x="12" y="15"/>
<empty x="13" y="15"/>
<empty x="14" y="15"/>
<empty x="15" y="15"/>
<empty x="16" y="15"/>
<empty x="17" y="15"/>
<rock x="19" y="15"/>
<diamond x="20" y="15"/>
<rock x="21" y="15"/>
<rock x="22" y="15"/>
<diamond x="23" y="15"/>
<rock x="24" y="15"/>
<empty x="25" y="15"/>
<empty x="26" y="15"/>
<empty x="27" y="15"/>
<empty x="28" y="15"/>
<empty x="29" y="15"/>
<empty x="30" y="15"/>
<empty x="31" y="15"/>
<empty x="32" y="15"/>
<empty x="33" y="15"/>
<empty x="34" y="15"/>
<empty x="35" y="15"/>
<empty x="36" y="15"/>
<empty x="37" y="15"/>
<rock x="38" y="15"/>
<wall x="39" y="15"/>
<wall x="0" y="16"/>
<diamond x="1" y="16"/>
<rock x="2" y="16"/>
<diamond x="3" y="16"/>
<diamond x="4" y="16"/>
<empty x="5" y="16"/>
<empty x="6" y="16"/>
<empty x="7" y="16"/>
<empty x="8" y="16"/>
<empty x="9" y="16"/>
<empty x="10" y="16"/>
<empty x="11" y="16"/>
<empty x="12" y="16"/>
<empty x="13" y="16"/>
<empty x="14" y="16"/>
<empty x="15" y="16"/>
<empty x="16" y="16"/>
<wall x="17" y="16"/>
<wall x="18" y="16"/>
<wall x="19" y="16"/>
<wall x="20" y="16"/>
<wall x="21" y="16"/>
<wall x="22" y="16"/>
<wall x="23" y="16"/>
<wall x="24" y="16"/>
<wall x="25" y="16"/>
<empty x="26" y="16"/>
<empty x="27" y="16"/>
<empty x="28" y="16"/>
<empty x="29" y="16"/>
<empty x="30" y="16"/>
<empty x="31" y="16"/>
<empty x="32" y="16"/>
<empty x="33" y="16"/>
<empty x="34" y="16"/>
<empty x="35" y="16"/>
<empty x="36" y="16"/>
<empty x="37" y="16"/>
<rock x="38" y="16"/>
<wall x="39" y="16"/>
<wall x="0" y="17"/>
<rock x="1" y="17"/>
<rock x="2" y="17"/>
<rock x="3" y="17"/>
<diamond x="4" y="17"/>
<empty x="5" y="17"/>
<empty x="6" y="17"/>
<empty x="7" y="17"/>
<empty x="8" y="17"/>
<empty x="9" y="17"/>
<empty x="10" y="17"/>
<empty x="11" y="17"/>
<empty x="12" y="17"/>
<empty x="13" y="17"/>
<empty x="14" y="17"/>
<empty x="15" y="17"/>
<empty x="16" y="17"/>
<empty x="17" y="17"/>
<empty x="18" y="17"/>
<empty x="19" y="17"/>
<empty x="20" y="17"/>
<empty x="21" y="17"/>
<empty x="22" y="17"/>
<empty x="23" y="17"/>
<empty x="24" y="17"/>
<empty x="25" y="17"/>
<empty x="26" y="17"/>
<empty x="27" y="17"/>
<empty x="28" y="17"/>
<empty x="29" y="17"/>
<empty x="30" y="17"/>
<empty x="31" y="17"/>
<empty x="32" y="17"/>
<empty x="33" y="17"/>
<empty x="34" y="17"/>
<empty x="35" y="17"/>
<empty x="36" y="17"/>
<empty x="37" y="17"/>
<rock x="38" y="17"/>
<wall x="39" y="17"/>
<wall x="0" y="18"/>
<rock x="1" y="18"/>
<rock x="2" y="18"/>
<rock x="3" y="18"/>
<diamond x="4" y="18"/>
<empty x="5" y="18"/>
<empty x="6" y="18"/>
<empty x="7" y="18"/>
<empty x="8" y="18"/>
<empty x="9" y="18"/>
<empty x="10" y="18"/>
<empty x="11" y="18"/>
<empty x="12" y="18"/>
<empty x="13" y="18"/>
<empty x="14" y="18"/>
<empty x="15" y="18"/>
<empty x="16" y="18"/>
<empty x="17" y="18"/>
<diamond x="18" y="18"/>
<diamond x="19" y="18"/>
<rock x="21" y="18"/>
<diamond x="22" y="18"/>
<rock x="23" y="18"/>
<diamond x="24" y="18"/>
<empty x="25" y="18"/>
<empty x="26" y="18"/>
<empty x="27" y="18"/>
<empty x="28" y="18"/>
<empty x="29" y="18"/>
<empty x="30" y="18"/>
<empty x="31" y="18"/>
<empty x="32" y="18"/>
<empty x="33" y="18"/>
<empty x="34" y="18"/>
<empty x="35" y="18"/>
<empty x="36" y="18"/>
<empty x="37" y="18"/>
<rock x="38" y="18"/>
<wall x="39" y="18"/>
<wall x="0" y="19"/>
<diamond x="1" y="19"/>
<diamond x="2" y="19"/>
<rock x="3" y="19"/>
<rock x="4" y="19"/>
<empty x="5" y="19"/>
<empty x="6" y="19"/>
<empty x="7" y="19"/>
<empty x="8" y="19"/>
<empty x="9" y="19"/>
<empty x="10" y="19"/>
<empty x="11" y="19"/>
<empty x="12" y="19"/>
<empty x="13" y="19"/>
<empty x="14" y="19"/>
<empty x="15" y="19"/>
<empty x="16" y="19"/>
<empty x="17" y="19"/>
<rock x="18" y="19"/>
<rock x="19" y="19"/>
<rock x="20" y="19"/>
<diamond x="21" y="19"/>
<rock x="22" y="19"/>
<diamond x="23" y="19"/>
<diamond x="24" y="19"/>
<empty x="25" y="19"/>
<empty x="26" y="19"/>
<empty x="27" y="19"/>
<empty x="28" y="19"/>
<empty x="29" y="19"/>
<empty x="30" y="19"/>
<empty x="31" y="19"/>
<empty x="32" y="19"/>
<empty x="33" y="19"/>
<empty x="34" y="19"/>
<empty x="35" y="19"/>
<empty x="36" y="19"/>
<empty x="37" y="19"/>
<rock x="38" y="19"/>
<wall x="39" y="19"/>
<wall x="0" y="20"/>
<diamond x="1" y="20"/>
<diamond x="2" y="20"/>
<wall x="5" y="20"/>
<wall x="6" y="20"/>
<wall x="7" y="20"/>
<wall x="8" y="20"/>
<wall x="9" y="20"/>
<wall x="10" y="20"/>
<wall x="11" y="20"/>
<wall x="12" y="20"/>
<wall x="13" y="20"/>
<wall x="14" y="20"/>
<wall x="15" y="20"/>
<wall x="16" y="20"/>
<wall x="17" y="20"/>
<diamond x="18" y="20"/>
<rock x="19" y="20"/>
<rock x="20" y="20"/>
<rock x="21" y="20"/>
<diamond x="22" y="20"/>
<diamond x="23" y="20"/>
<diamond x="24" y="20"/>
<wall x="25" y="20"/>
<wall x="26" y="20"/>
<wall x="27" y="20"/>
<wall x="28" y="20"/>
<wall x="29" y="20"/>
<wall x="30" y="20"/>
<wall x="31" y="20"/>
<wall x="32" y="20"/>
<wall x="33" y="20"/>
<wall x="34" y="20"/>
<wall x="35" y="20"/>
<wall x="36" y="20"/>
<wall x="37" y="20"/>
<diamond x="38" y="20"/>
<wall x="39" y="20"/>
<wall x="0" y="21"/>
<wall x="1" y="21"/>
<wall x="2" y="21"/>
<wall x="3" y="21"/>
<wall x="4" y="21"/>
<wall x="5" y="21"/>
<wall x="6" y="21"/>
<wall x="7" y="21"/>
<wall x="8" y="21"/>
<wall x="9" y="21"/>
<wall x="10" y="21"/>
<wall x="11" y="21"/>
<wall x="12" y="21"/>
<wall x="13" y="21"/>
<wall x="14" y="21"/>
<wall x="15" y="21"/>
<wall x="16" y="21"/>
<wall x="17" y="21"/>
<wall x="18" y="21"/>
<wall x="19" y="21"/>
<wall x="20" y="21"/>
<wall x="21" y="21"/>
<wall x="22" y="21"/>
<wall x="23" y="21"/>
<wall x="24" y="21"/>
<wall x="25" y="21"/>
<wall x="26" y="21"/>
<wall x="27" y="21"/>
<wall x="28" y="21"/>
<wall x="29" y="21"/>
<wall x="30" y="21"/>
<wall x="31" y="21"/>
<wall x="32" y="21"/>
<wall x="33" y="21"/>
<wall x="34" y="21"/>
<wall x="35" y="21"/>
<wall x="36" y="21"/>
<wall x="37" y="21"/>
<wall x="38" y="21"/>
<wall x="39" y="21"/>
</level>
<level diamonds="12">
<wall x="0" y="0"/>
<wall x="1" y="0"/>
<wall x="2" y="0"/>
<wall x="3" y="0"/>
<wall x="4" y="0"/>
<wall x="5" y="0"/>
<wall x="6" y="0"/>
<wall x="7" y="0"/>
<wall x="8" y="0"/>
<wall x="9" y="0"/>
<wall x="10" y="0"/>
<wall x="11" y="0"/>
<wall x="12" y="0"/>
<wall x="13" y="0"/>
<wall x="14" y="0"/>
<wall x="15" y="0"/>
<wall x="16" y="0"/>
<wall x="17" y="0"/>
<wall x="18" y="0"/>
<wall x="19" y="0"/>
<wall x="20" y="0"/>
<wall x="21" y="0"/>
<wall x="22" y="0"/>
<wall x="23" y="0"/>
<wall x="24" y="0"/>
<wall x="25" y="0"/>
<wall x="26" y="0"/>
<wall x="27" y="0"/>
<wall x="28" y="0"/>
<wall x="29" y="0"/>
<wall x="30" y="0"/>
<wall x="31" y="0"/>
<wall x="32" y="0"/>
<wall x="33" y="0"/>
<wall x="34" y="0"/>
<wall x="35" y="0"/>
<wall x="36" y="0"/>
<wall x="37" y="0"/>
<wall x="38" y="0"/>
<wall x="39" y="0"/>
<wall x="0" y="1"/>
<player x="11" y="1"/>
<exit x="25" y="1"/>
<wall x="39" y="1"/>
<wall x="0" y="2"/>
<wall x="1" y="2"/>
<wall x="2" y="2"/>
<wall x="3" y="2"/>
<wall x="4" y="2"/>
<wall x="5" y="2"/>
<wall x="6" y="2"/>
<wall x="7" y="2"/>
<wall x="8" y="2"/>
<wall x="9" y="2"/>
<wall x="10" y="2"/>
<wall x="11" y="2"/>
<wall x="12" y="2"/>
<empty x="13" y="2"/>
<wall x="14" y="2"/>
<wall x="15" y="2"/>
<wall x="16" y="2"/>
<wall x="17" y="2"/>
<wall x="18" y="2"/>
<wall x="19" y="2"/>
<wall x="20" y="2"/>
<wall x="21" y="2"/>
<wall x="39" y="2"/>
<wall x="0" y="3"/>
<wall x="1" y="3"/>
<diamond x="6" y="3"/>
<diamond x="20" y="3"/>
<wall x="21" y="3"/>
<wall x="39" y="3"/>
<wall x="0" y="4"/>
<wall x="1" y="4"/>
<wall x="3" y="4"/>
<empty x="4" y="4"/>
<wall x="5" y="4"/>
<wall x="7" y="4"/>
<wall x="8" y="4"/>
<wall x="9" y="4"/>
<wall x="10" y="4"/>
<wall x="11" y="4"/>
<wall x="12" y="4"/>
<empty x="13" y="4"/>
<wall x="14" y="4"/>
<wall x="15" y="4"/>
<wall x="16" y="4"/>
<wall x="17" y="4"/>
<wall x="18" y="4"/>
<wall x="19" y="4"/>
<wall x="21" y="4"/>
<wall x="39" y="4"/>
<wall x="0" y="5"/>
<wall x="1" y="5"/>
<firefly x="3" y="5"/>
<firefly x="4" y="5"/>
<firefly x="5" y="5"/>
<wall x="7" y="5"/>
<diamond x="8" y="5"/>
<diamond x="18" y="5"/>
<wall x="19" y="5"/>
<wall x="21" y="5"/>
<wall x="39" y="5"/>
<wall x="0" y="6"/>
<wall x="1" y="6"/>
<firefly x="3" y="6"/>
<firefly x="4" y="6"/>
<firefly x="5" y="6"/>
<wall x="7" y="6"/>
<wall x="9" y="6"/>
<wall x="10" y="6"/>
<wall x="11" y="6"/>
<wall x="12" y="6"/>
<empty x="13" y="6"/>
<wall x="14" y="6"/>
<wall x="15" y="6"/>
<wall x="16" y="6"/>
<wall x="17" y="6"/>
<wall x="19" y="6"/>
<wall x="21" y="6"/>
<wall x="39" y="6"/>
<wall x="0" y="7"/>
<wall x="1" y="7"/>
<firefly x="3" y="7"/>
<firefly x="4" y="7"/>
<firefly x="5" y="7"/>
<wall x="7" y="7"/>
<wall x="9" y="7"/>
<diamond x="10" y="7"/>
<diamond x="16" y="7"/>
<wall x="17" y="7"/>
<wall x="19" y="7"/>
<wall x="21" y="7"/>
<wall x="39" y="7"/>
<wall x="0" y="8"/>
<wall x="1" y="8"/>
<firefly x="3" y="8"/>
<firefly x="4" y="8"/>
<firefly x="5" y="8"/>
<wall x="7" y="8"/>
<wall x="9" y="8"/>
<wall x="11" y="8"/>
<wall x="12" y="8"/>
<empty x="13" y="8"/>
<wall x="14" y="8"/>
<wall x="15" y="8"/>
<wall x="17" y="8"/>
<wall x="19" y="8"/>
<wall x="21" y="8"/>
<wall x="39" y="8"/>
<wall x="0" y="9"/>
<wall x="1" y="9"/>
<firefly x="3" y="9"/>
<firefly x="4" y="9"/>
<firefly x="5" y="9"/>
<empty x="6" y="9"/>
<wall x="7" y="9"/>
<empty x="8" y="9"/>
<wall x="9" y="9"/>
<empty x="10" y="9"/>
<wall x="11" y="9"/>
<empty x="12" y="9"/>
<empty x="13" y="9"/>
<empty x="14" y="9"/>
<wall x="15" y="9"/>
<empty x="16" y="9"/>
<wall x="17" y="9"/>
<empty x="18" y="9"/>
<wall x="19" y="9"/>
<empty x="20" y="9"/>
<wall x="21" y="9"/>
<wall x="39" y="9"/>
<wall x="0" y="10"/>
<wall x="1" y="10"/>
<firefly x="3" y="10"/>
<firefly x="4" y="10"/>
<firefly x="5" y="10"/>
<firefly x="6" y="10"/>
<wall x="7" y="10"/>
<firefly x="8" y="10"/>
<wall x="9" y="10"/>
<firefly x="10" y="10"/>
<wall x="11" y="10"/>
<firefly x="12" y="10"/>
<firefly x="13" y="10"/>
<firefly x="14" y="10"/>
<wall x="15" y="10"/>
<firefly x="16" y="10"/>
<wall x="17" y="10"/>
<firefly x="18" y="10"/>
<wall x="19" y="10"/>
<firefly x="20" y="10"/>
<wall x="21" y="10"/>
<wall x="39" y="10"/>
<wall x="0" y="11"/>
<wall x="1" y="11"/>
<firefly x="3" y="11"/>
<firefly x="4" y="11"/>
<firefly x="5" y="11"/>
<empty x="6" y="11"/>
<wall x="7" y="11"/>
<empty x="8" y="11"/>
<wall x="9" y="11"/>
<empty x="10" y="11"/>
<wall x="11" y="11"/>
<empty x="12" y="11"/>
<empty x="13" y="11"/>
<empty x="14" y="11"/>
<wall x="15" y="11"/>
<empty x="16" y="11"/>
<wall x="17" y="11"/>
<empty x="18" y="11"/>
<wall x="19" y="11"/>
<empty x="20" y="11"/>
<wall x="21" y="11"/>
<wall x="39" y="11"/>
<wall x="0" y="12"/>
<wall x="1" y="12"/>
<firefly x="3" y="12"/>
<firefly x="4" y="12"/>
<firefly x="5" y="12"/>
<wall x="7" y="12"/>
<wall x="9" y="12"/>
<wall x="11" y="12"/>
<wall x="12" y="12"/>
<wall x="13" y="12"/>
<wall x="14" y="12"/>
<wall x="15" y="12"/>
<wall x="17" y="12"/>
<wall x="19" y="12"/>
<wall x="21" y="12"/>
<wall x="39" y="12"/>
<wall x="0" y="13"/>
<wall x="1" y="13"/>
<firefly x="3" y="13"/>
<firefly x="4" y="13"/>
<firefly x="5" y="13"/>
<wall x="7" y="13"/>
<wall x="9" y="13"/>
<diamond x="10" y="13"/>
<diamond x="16" y="13"/>
<wall x="17" y="13"/>
<wall x="19" y="13"/>
<wall x="21" y="13"/>
<wall x="39" y="13"/>
<wall x="0" y="14"/>
<wall x="1" y="14"/>
<firefly x="3" y="14"/>
<diamond x="4" y="14"/>
<firefly x="5" y="14"/>
<wall x="7" y="14"/>
<wall x="9" y="14"/>
<wall x="10" y="14"/>
<wall x="11" y="14"/>
<wall x="12" y="14"/>
<wall x="13" y="14"/>
<wall x="14" y="14"/>
<wall x="15" y="14"/>
<wall x="16" y="14"/>
<wall x="17" y="14"/>
<wall x="19" y="14"/>
<wall x="21" y="14"/>
<wall x="39" y="14"/>
<wall x="0" y="15"/>
<wall x="1" y="15"/>
<firefly x="3" y="15"/>
<diamond x="4" y="15"/>
<firefly x="5" y="15"/>
<wall x="7" y="15"/>
<diamond x="8" y="15"/>
<diamond x="18" y="15"/>
<wall x="19" y="15"/>
<wall x="21" y="15"/>
<wall x="39" y="15"/>
<wall x="0" y="16"/>
<wall x="1" y="16"/>
<firefly x="3" y="16"/>
<diamond x="4" y="16"/>
<firefly x="5" y="16"/>
<wall x="7" y="16"/>
<wall x="8" y="16"/>
<wall x="9" y="16"/>
<wall x="10" y="16"/>
<wall x="11" y="16"/>
<wall x="12" y="16"/>
<wall x="13" y="16"/>
<wall x="14" y="16"/>
<wall x="15" y="16"/>
<wall x="16" y="16"/>
<wall x="17" y="16"/>
<wall x="18" y="16"/>
<wall x="19" y="16"/>
<wall x="21" y="16"/>
<wall x="39" y="16"/>
<wall x="0" y="17"/>
<wall x="1" y="17"/>
<firefly x="3" y="17"/>
<diamond x="4" y="17"/>
<firefly x="5" y="17"/>
<diamond x="6" y="17"/>
<diamond x="20" y="17"/>
<wall x="21" y="17"/>
<wall x="39" y="17"/>
<wall x="0" y="18"/>
<wall x="1" y="18"/>
<wall x="2" y="18"/>
<wall x="3" y="18"/>
<wall x="4" y="18"/>
<wall x="5" y="18"/>
<wall x="6" y="18"/>
<wall x="7" y="18"/>
<wall x="8" y="18"/>
<wall x="9" y="18"/>
<wall x="10" y="18"/>
<wall x="11" y="18"/>
<wall x="12" y="18"/>
<wall x="13" y="18"/>
<wall x="14" y="18"/>
<wall x="15" y="18"/>
<wall x="16" y="18"/>
<wall x="17" y="18"/>
<wall x="18" y="18"/>
<wall x="19" y="18"/>
<wall x="20" y="18"/>
<wall x="21" y="18"/>
<wall x="39" y="18"/>
<wall x="0" y="19"/>
<wall x="39" y="19"/>
<wall x="0" y="20"/>
<wall x="39" y="20"/>
<wall x="0" y="21"/>
<wall x="1" y="21"/>
<wall x="2" y="21"/>
<wall x="3" y="21"/>
<wall x="4" y="21"/>
<wall x="5" y="21"/>
<wall x="6" y="21"/>
<wall x="7" y="21"/>
<wall x="8" y="21"/>
<wall x="9" y="21"/>
<wall x="10" y="21"/>
<wall x="11" y="21"/>
<wall x="12" y="21"/>
<wall x="13" y="21"/>
<wall x="14" y="21"/>
<wall x="15" y="21"/>
<wall x="16" y="21"/>
<wall x="17" y="21"/>
<wall x="18" y="21"/>
<wall x="19" y="21"/>
<wall x="20" y="21"/>
<wall x="21" y="21"/>
<wall x="22" y="21"/>
<wall x="23" y="21"/>
<wall x="24" y="21"/>
<wall x="25" y="21"/>
<wall x="26" y="21"/>
<wall x="27" y="21"/>
<wall x="28" y="21"/>
<wall x="29" y="21"/>
<wall x="30" y="21"/>
<wall x="31" y="21"/>
<wall x="32" y="21"/>
<wall x="33" y="21"/>
<wall x="34" y="21"/>
<wall x="35" y="21"/>
<wall x="36" y="21"/>
<wall x="37" y="21"/>
<wall x="38" y="21"/>
<wall x="39" y="21"/>
</level>
<level diamonds="6">
<wall x="0" y="0"/>
<wall x="1" y="0"/>
<wall x="2" y="0"/>
<wall x="3" y="0"/>
<wall x="4" y="0"/>
<wall x="5" y="0"/>
<wall x="6" y="0"/>
<wall x="7" y="0"/>
<wall x="8" y="0"/>
<wall x="9" y="0"/>
<wall x="10" y="0"/>
<wall x="11" y="0"/>
<wall x="12" y="0"/>
<wall x="13" y="0"/>
<wall x="14" y="0"/>
<wall x="15" y="0"/>
<wall x="16" y="0"/>
<wall x="17" y="0"/>
<wall x="18" y="0"/>
<wall x="19" y="0"/>
<wall x="20" y="0"/>
<wall x="21" y="0"/>
<wall x="22" y="0"/>
<wall x="23" y="0"/>
<wall x="24" y="0"/>
<wall x="25" y="0"/>
<wall x="26" y="0"/>
<wall x="27" y="0"/>
<wall x="28" y="0"/>
<wall x="29" y="0"/>
<wall x="30" y="0"/>
<wall x="31" y="0"/>
<wall x="32" y="0"/>
<wall x="33" y="0"/>
<wall x="34" y="0"/>
<wall x="35" y="0"/>
<wall x="36" y="0"/>
<wall x="37" y="0"/>
<wall x="38" y="0"/>
<wall x="39" y="0"/>
<wall x="0" y="1"/>
<rock x="1" y="1"/>
<rock x="3" y="1"/>
<diamond x="4" y="1"/>
<rock x="6" y="1"/>
<rock x="7" y="1"/>
<rock x="8" y="1"/>
<wall x="10" y="1"/>
<diamond x="14" y="1"/>
<rock x="15" y="1"/>
<rock x="16" y="1"/>
<rock x="19" y="1"/>
<wall x="20" y="1"/>
<diamond x="24" y="1"/>
<rock x="28" y="1"/>
<wall x="30" y="1"/>
<diamond x="34" y="1"/>
<rock x="35" y="1"/>
<rock x="37" y="1"/>
<wall x="39" y="1"/>
<wall x="0" y="2"/>
<empty x="4" y="2"/>
<rock x="6" y="2"/>
<rock x="8" y="2"/>
<wall x="10" y="2"/>
<rock x="14" y="2"/>
<empty x="15" y="2"/>
<rock x="16" y="2"/>
<rock x="19" y="2"/>
<wall x="20" y="2"/>
<rock x="21" y="2"/>
<rock x="26" y="2"/>
<rock x="29" y="2"/>
<wall x="30" y="2"/>
<rock x="31" y="2"/>
<rock x="35" y="2"/>
<rock x="37" y="2"/>
<rock x="38" y="2"/>
<wall x="39" y="2"/>
<wall x="0" y="3"/>
<empty x="5" y="3"/>
<rock x="8" y="3"/>
<rock x="9" y="3"/>
<wall x="10" y="3"/>
<rock x="12" y="3"/>
<rock x="17" y="3"/>
<wall x="20" y="3"/>
<rock x="23" y="3"/>
<empty x="25" y="3"/>
<rock x="26" y="3"/>
<rock x="27" y="3"/>
<wall x="30" y="3"/>
<rock x="35" y="3"/>
<rock x="37" y="3"/>
<rock x="38" y="3"/>
<wall x="39" y="3"/>
<wall x="0" y="4"/>
<rock x="1" y="4"/>
<rock x="3" y="4"/>
<empty x="6" y="4"/>
<rock x="7" y="4"/>
<rock x="8" y="4"/>
<rock x="9" y="4"/>
<wall x="10" y="4"/>
<rock x="12" y="4"/>
<empty x="17" y="4"/>
<wall x="20" y="4"/>
<rock x="21" y="4"/>
<rock x="28" y="4"/>
<wall x="30" y="4"/>
<rock x="31" y="4"/>
<rock x="38" y="4"/>
<wall x="39" y="4"/>
<wall x="0" y="5"/>
<rock x="1" y="5"/>
<empty x="3" y="5"/>
<rock x="7" y="5"/>
<wall x="10" y="5"/>
<empty x="12" y="5"/>
<empty x="13" y="5"/>
<rock x="16" y="5"/>
<rock x="18" y="5"/>
<rock x="19" y="5"/>
<wall x="20" y="5"/>
<rock x="28" y="5"/>
<wall x="30" y="5"/>
<rock x="31" y="5"/>
<empty x="38" y="5"/>
<wall x="39" y="5"/>
<wall x="0" y="6"/>
<rock x="1" y="6"/>
<rock x="2" y="6"/>
<rock x="5" y="6"/>
<wall x="10" y="6"/>
<rock x="14" y="6"/>
<wall x="20" y="6"/>
<rock x="21" y="6"/>
<rock x="23" y="6"/>
<rock x="24" y="6"/>
<wall x="30" y="6"/>
<rock x="31" y="6"/>
<rock x="34" y="6"/>
<empty x="35" y="6"/>
<rock x="36" y="6"/>
<wall x="39" y="6"/>
<wall x="0" y="7"/>
<rock x="3" y="7"/>
<rock x="5" y="7"/>
<rock x="6" y="7"/>
<rock x="9" y="7"/>
<wall x="10" y="7"/>
<rock x="11" y="7"/>
<rock x="12" y="7"/>
<rock x="16" y="7"/>
<wall x="20" y="7"/>
<rock x="21" y="7"/>
<rock x="23" y="7"/>
<rock x="24" y="7"/>
<wall x="30" y="7"/>
<rock x="31" y="7"/>
<rock x="34" y="7"/>
<empty x="36" y="7"/>
<wall x="38" y="7"/>
<wall x="39" y="7"/>
<wall x="0" y="8"/>
<rock x="3" y="8"/>
<rock x="7" y="8"/>
<wall x="10" y="8"/>
<rock x="14" y="8"/>
<rock x="16" y="8"/>
<rock x="19" y="8"/>
<wall x="20" y="8"/>
<rock x="21" y="8"/>
<rock x="24" y="8"/>
<empty x="26" y="8"/>
<rock x="28" y="8"/>
<rock x="29" y="8"/>
<wall x="30" y="8"/>
<empty x="32" y="8"/>
<rock x="33" y="8"/>
<firefly x="36" y="8"/>
<wall x="37" y="8"/>
<rock x="38" y="8"/>
<wall x="39" y="8"/>
<wall x="0" y="9"/>
<rock x="1" y="9"/>
<rock x="3" y="9"/>
<wall x="5" y="9"/>
<wall x="6" y="9"/>
<wall x="7" y="9"/>
<wall x="8" y="9"/>
<wall x="9" y="9"/>
<wall x="10" y="9"/>
<wall x="11" y="9"/>
<wall x="12" y="9"/>
<wall x="13" y="9"/>
<firefly x="14" y="9"/>
<wall x="15" y="9"/>
<wall x="16" y="9"/>
<wall x="17" y="9"/>
<wall x="18" y="9"/>
<wall x="19" y="9"/>
<wall x="20" y="9"/>
<wall x="21" y="9"/>
<wall x="22" y="9"/>
<wall x="23" y="9"/>
<rock x="24" y="9"/>
<wall x="25" y="9"/>
<wall x="26" y="9"/>
<wall x="27" y="9"/>
<wall x="28" y="9"/>
<wall x="29" y="9"/>
<wall x="30" y="9"/>
<wall x="31" y="9"/>
<wall x="32" y="9"/>
<wall x="33" y="9"/>
<wall x="36" y="9"/>
<empty x="38" y="9"/>
<wall x="39" y="9"/>
<wall x="0" y="10"/>
<rock x="2" y="10"/>
<empty x="4" y="10"/>
<empty x="5" y="10"/>
<rock x="11" y="10"/>
<rock x="12" y="10"/>
<rock x="13" y="10"/>
<rock x="14" y="10"/>
<rock x="17" y="10"/>
<rock x="19" y="10"/>
<rock x="21" y="10"/>
<rock x="22" y="10"/>
<rock x="25" y="10"/>
<rock x="26" y="10"/>
<empty x="30" y="10"/>
<rock x="31" y="10"/>
<rock x="34" y="10"/>
<wall x="35" y="10"/>
<rock x="36" y="10"/>
<wall x="39" y="10"/>
<wall x="0" y="11"/>
<rock x="1" y="11"/>
<rock x="3" y="11"/>
<rock x="4" y="11"/>
<rock x="11" y="11"/>
<rock x="12" y="11"/>
<rock x="13" y="11"/>
<rock x="14" y="11"/>
<rock x="17" y="11"/>
<empty x="19" y="11"/>
<empty x="21" y="11"/>
<rock x="22" y="11"/>
<rock x="26" y="11"/>
<rock x="29" y="11"/>
<rock x="31" y="11"/>
<rock x="32" y="11"/>
<wall x="34" y="11"/>
<rock x="35" y="11"/>
<rock x="37" y="11"/>
<rock x="38" y="11"/>
<wall x="39" y="11"/>
<wall x="0" y="12"/>
<empty x="2" y="12"/>
<rock x="4" y="12"/>
<rock x="6" y="12"/>
<empty x="8" y="12"/>
<wall x="9" y="12"/>
<rock x="12" y="12"/>
<rock x="13" y="12"/>
<rock x="14" y="12"/>
<rock x="17" y="12"/>
<empty x="22" y="12"/>
<rock x="26" y="12"/>
<rock x="32" y="12"/>
<wall x="33" y="12"/>
<rock x="35" y="12"/>
<rock x="37" y="12"/>
<rock x="38" y="12"/>
<wall x="39" y="12"/>
<wall x="0" y="13"/>
<empty x="2" y="13"/>
<rock x="4" y="13"/>
<rock x="6" y="13"/>
<empty x="8" y="13"/>
<wall x="9" y="13"/>
<rock x="10" y="13"/>
<wall x="12" y="13"/>
<wall x="13" y="13"/>
<wall x="14" y="13"/>
<wall x="15" y="13"/>
<wall x="16" y="13"/>
<wall x="17" y="13"/>
<wall x="18" y="13"/>
<wall x="19" y="13"/>
<wall x="20" y="13"/>
<wall x="21" y="13"/>
<wall x="22" y="13"/>
<wall x="23" y="13"/>
<wall x="24" y="13"/>
<wall x="25" y="13"/>
<wall x="26" y="13"/>
<wall x="27" y="13"/>
<wall x="28" y="13"/>
<rock x="29" y="13"/>
<rock x="30" y="13"/>
<wall x="32" y="13"/>
<rock x="35" y="13"/>
<wall x="39" y="13"/>
<wall x="0" y="14"/>
<rock x="1" y="14"/>
<empty x="4" y="14"/>
<rock x="5" y="14"/>
<rock x="6" y="14"/>
<rock x="7" y="14"/>
<wall x="9" y="14"/>
<rock x="10" y="14"/>
<rock x="15" y="14"/>
<rock x="19" y="14"/>
<empty x="23" y="14"/>
<rock x="25" y="14"/>
<rock x="26" y="14"/>
<wall x="31" y="14"/>
<rock x="33" y="14"/>
<rock x="35" y="14"/>
<rock x="36" y="14"/>
<rock x="38" y="14"/>
<wall x="39" y="14"/>
<wall x="0" y="15"/>
<rock x="1" y="15"/>
<rock x="5" y="15"/>
<rock x="6" y="15"/>
<rock x="7" y="15"/>
<wall x="9" y="15"/>
<rock x="10" y="15"/>
<rock x="12" y="15"/>
<empty x="16" y="15"/>
<rock x="17" y="15"/>
<rock x="20" y="15"/>
<rock x="22" y="15"/>
<rock x="26" y="15"/>
<rock x="28" y="15"/>
<rock x="29" y="15"/>
<wall x="30" y="15"/>
<rock x="36" y="15"/>
<player x="38" y="15"/>
<wall x="39" y="15"/>
<wall x="0" y="16"/>
<empty x="1" y="16"/>
<rock x="3" y="16"/>
<rock x="8" y="16"/>
<wall x="9" y="16"/>
<empty x="10" y="16"/>
<empty x="11" y="16"/>
<rock x="14" y="16"/>
<rock x="16" y="16"/>
<rock x="17" y="16"/>
<rock x="18" y="16"/>
<rock x="26" y="16"/>
<rock x="28" y="16"/>
<wall x="29" y="16"/>
<empty x="36" y="16"/>
<wall x="39" y="16"/>
<wall x="0" y="17"/>
<rock x="3" y="17"/>
<empty x="8" y="17"/>
<wall x="9" y="17"/>
<rock x="12" y="17"/>
<rock x="19" y="17"/>
<rock x="21" y="17"/>
<rock x="22" y="17"/>
<wall x="28" y="17"/>
<rock x="29" y="17"/>
<rock x="32" y="17"/>
<rock x="34" y="17"/>
<rock x="38" y="17"/>
<wall x="39" y="17"/>
<wall x="0" y="18"/>
<rock x="1" y="18"/>
<rock x="3" y="18"/>
<rock x="4" y="18"/>
<rock x="7" y="18"/>
<wall x="9" y="18"/>
<rock x="10" y="18"/>
<rock x="14" y="18"/>
<rock x="19" y="18"/>
<exit x="20" y="18"/>
<rock x="21" y="18"/>
<rock x="22" y="18"/>
<rock x="29" y="18"/>
<rock x="32" y="18"/>
<firefly x="33" y="18"/>
<rock x="36" y="18"/>
<wall x="39" y="18"/>
<wall x="0" y="19"/>
<rock x="1" y="19"/>
<rock x="5" y="19"/>
<wall x="9" y="19"/>
<rock x="12" y="19"/>
<rock x="14" y="19"/>
<firefly x="15" y="19"/>
<rock x="22" y="19"/>
<empty x="26" y="19"/>
<rock x="27" y="19"/>
<empty x="30" y="19"/>
<rock x="31" y="19"/>
<rock x="34" y="19"/>
<diamond x="35" y="19"/>
<rock x="36" y="19"/>
<wall x="39" y="19"/>
<wall x="0" y="20"/>
<rock x="1" y="20"/>
<rock x="2" y="20"/>
<diamond x="4" y="20"/>
<empty x="6" y="20"/>
<wall x="9" y="20"/>
<rock x="12" y="20"/>
<rock x="14" y="20"/>
<rock x="15" y="20"/>
<rock x="22" y="20"/>
<rock x="25" y="20"/>
<empty x="27" y="20"/>
<rock x="28" y="20"/>
<firefly x="30" y="20"/>
<rock x="32" y="20"/>
<rock x="33" y="20"/>
<rock x="35" y="20"/>
<wall x="39" y="20"/>
<wall x="0" y="21"/>
<wall x="1" y="21"/>
<wall x="2" y="21"/>
<wall x="3" y="21"/>
<wall x="4" y="21"/>
<wall x="5" y="21"/>
<wall x="6" y="21"/>
<wall x="7" y="21"/>
<wall x="8" y="21"/>
<wall x="9" y="21"/>
<wall x="10" y="21"/>
<wall x="11" y="21"/>
<wall x="12" y="21"/>
<wall x="13" y="21"/>
<wall x="14" y="21"/>
<wall x="15" y="21"/>
<wall x="16" y="21"/>
<wall x="17" y="21"/>
<wall x="18" y="21"/>
<wall x="19" y="21"/>
<wall x="20" y="21"/>
<wall x="21" y="21"/>
<wall x="22" y="21"/>
<wall x="23" y="21"/>
<wall x="24" y="21"/>
<wall x="25" y="21"/>
<wall x="26" y="21"/>
<wall x="27" y="21"/>
<wall x="28" y="21"/>
<wall x="29" y="21"/>
<wall x="30" y="21"/>
<wall x="31" y="21"/>
<wall x="32" y="21"/>
<wall x="33" y="21"/>
<wall x="34" y="21"/>
<wall x="35" y="21"/>
<wall x="36" y="21"/>
<wall x="37" y="21"/>
<wall x="38" y="21"/>
<wall x="39" y="21"/>
</level>
<level diamonds="7">
<wall x="0" y="0"/>
<wall x="1" y="0"/>
<wall x="2" y="0"/>
<wall x="3" y="0"/>
<wall x="4" y="0"/>
<wall x="5" y="0"/>
<wall x="6" y="0"/>
<wall x="7" y="0"/>
<wall x="8" y="0"/>
<wall x="9" y="0"/>
<wall x="10" y="0"/>
<wall x="11" y="0"/>
<wall x="12" y="0"/>
<wall x="13" y="0"/>
<wall x="14" y="0"/>
<wall x="15" y="0"/>
<wall x="16" y="0"/>
<wall x="17" y="0"/>
<wall x="18" y="0"/>
<wall x="19" y="0"/>
<wall x="20" y="0"/>
<wall x="21" y="0"/>
<wall x="22" y="0"/>
<wall x="23" y="0"/>
<wall x="24" y="0"/>
<wall x="25" y="0"/>
<wall x="26" y="0"/>
<wall x="27" y="0"/>
<wall x="28" y="0"/>
<wall x="29" y="0"/>
<wall x="30" y="0"/>
<wall x="31" y="0"/>
<wall x="32" y="0"/>
<wall x="33" y="0"/>
<wall x="34" y="0"/>
<wall x="35" y="0"/>
<wall x="36" y="0"/>
<wall x="37" y="0"/>
<wall x="38" y="0"/>
<wall x="39" y="0"/>
<wall x="0" y="1"/>
<rock x="1" y="1"/>
<empty x="3" y="1"/>
<rock x="7" y="1"/>
<rock x="8" y="1"/>
<rock x="14" y="1"/>
<rock x="16" y="1"/>
<rock x="19" y="1"/>
<rock x="28" y="1"/>
<rock x="34" y="1"/>
<diamond x="37" y="1"/>
<wall x="39" y="1"/>
<wall x="0" y="2"/>
<diamond x="6" y="2"/>
<rock x="8" y="2"/>
<empty x="16" y="2"/>
<rock x="21" y="2"/>
<rock x="26" y="2"/>
<rock x="29" y="2"/>
<empty x="35" y="2"/>
<rock x="38" y="2"/>
<wall x="39" y="2"/>
<wall x="0" y="3"/>
<rock x="8" y="3"/>
<diamond x="9" y="3"/>
<wall x="10" y="3"/>
<rock x="12" y="3"/>
<wall x="14" y="3"/>
<empty x="17" y="3"/>
<wall x="18" y="3"/>
<wall x="22" y="3"/>
<rock x="23" y="3"/>
<rock x="27" y="3"/>
<empty x="30" y="3"/>
<empty x="31" y="3"/>
<firefly x="32" y="3"/>
<empty x="33" y="3"/>
<empty x="35" y="3"/>
<empty x="38" y="3"/>
<wall x="39" y="3"/>
<wall x="0" y="4"/>
<diamond x="1" y="4"/>
<wall x="2" y="4"/>
<wall x="3" y="4"/>
<wall x="4" y="4"/>
<wall x="5" y="4"/>
<wall x="6" y="4"/>
<wall x="7" y="4"/>
<wall x="8" y="4"/>
<wall x="9" y="4"/>
<wall x="10" y="4"/>
<wall x="11" y="4"/>
<wall x="12" y="4"/>
<wall x="14" y="4"/>
<wall x="18" y="4"/>
<rock x="21" y="4"/>
<wall x="22" y="4"/>
<rock x="28" y="4"/>
<empty x="30" y="4"/>
<empty x="31" y="4"/>
<empty x="32" y="4"/>
<empty x="33" y="4"/>
<wall x="39" y="4"/>
<wall x="0" y="5"/>
<rock x="1" y="5"/>
<wall x="10" y="5"/>
<wall x="14" y="5"/>
<rock x="16" y="5"/>
<wall x="18" y="5"/>
<empty x="19" y="5"/>
<diamond x="20" y="5"/>
<wall x="22" y="5"/>
<rock x="28" y="5"/>
<wall x="39" y="5"/>
<wall x="0" y="6"/>
<rock x="1" y="6"/>
<rock x="2" y="6"/>
<rock x="5" y="6"/>
<wall x="10" y="6"/>
<wall x="14" y="6"/>
<wall x="18" y="6"/>
<rock x="21" y="6"/>
<wall x="22" y="6"/>
<rock x="23" y="6"/>
<rock x="24" y="6"/>
<rock x="31" y="6"/>
<diamond x="34" y="6"/>
<wall x="39" y="6"/>
<wall x="0" y="7"/>
<rock x="3" y="7"/>
<rock x="9" y="7"/>
<wall x="10" y="7"/>
<rock x="11" y="7"/>
<rock x="12" y="7"/>
<wall x="14" y="7"/>
<wall x="18" y="7"/>
<rock x="21" y="7"/>
<wall x="22" y="7"/>
<rock x="23" y="7"/>
<rock x="24" y="7"/>
<rock x="34" y="7"/>
<rock x="38" y="7"/>
<wall x="39" y="7"/>
<wall x="0" y="8"/>
<wall x="2" y="8"/>
<wall x="3" y="8"/>
<wall x="4" y="8"/>
<wall x="5" y="8"/>
<wall x="6" y="8"/>
<wall x="7" y="8"/>
<wall x="8" y="8"/>
<wall x="9" y="8"/>
<wall x="10" y="8"/>
<wall x="11" y="8"/>
<wall x="12" y="8"/>
<wall x="14" y="8"/>
<rock x="16" y="8"/>
<wall x="18" y="8"/>
<empty x="19" y="8"/>
<rock x="21" y="8"/>
<wall x="22" y="8"/>
<rock x="24" y="8"/>
<rock x="29" y="8"/>
<empty x="30" y="8"/>
<empty x="31" y="8"/>
<firefly x="32" y="8"/>
<empty x="33" y="8"/>
<diamond x="36" y="8"/>
<rock x="38" y="8"/>
<wall x="39" y="8"/>
<wall x="0" y="9"/>
<rock x="1" y="9"/>
<rock x="3" y="9"/>
<wall x="10" y="9"/>
<wall x="14" y="9"/>
<rock x="16" y="9"/>
<wall x="18" y="9"/>
<rock x="21" y="9"/>
<wall x="22" y="9"/>
<rock x="24" y="9"/>
<diamond x="27" y="9"/>
<empty x="30" y="9"/>
<empty x="31" y="9"/>
<empty x="32" y="9"/>
<empty x="33" y="9"/>
<rock x="36" y="9"/>
<wall x="39" y="9"/>
<wall x="0" y="10"/>
<rock x="2" y="10"/>
<wall x="10" y="10"/>
<rock x="11" y="10"/>
<rock x="12" y="10"/>
<empty x="13" y="10"/>
<wall x="14" y="10"/>
<diamond x="17" y="10"/>
<wall x="18" y="10"/>
<empty x="21" y="10"/>
<wall x="22" y="10"/>
<rock x="26" y="10"/>
<diamond x="34" y="10"/>
<rock x="36" y="10"/>
<wall x="39" y="10"/>
<wall x="0" y="11"/>
<empty x="1" y="11"/>
<wall x="10" y="11"/>
<rock x="11" y="11"/>
<rock x="12" y="11"/>
<empty x="13" y="11"/>
<wall x="14" y="11"/>
<rock x="17" y="11"/>
<wall x="18" y="11"/>
<wall x="22" y="11"/>
<empty x="26" y="11"/>
<rock x="29" y="11"/>
<rock x="35" y="11"/>
<wall x="39" y="11"/>
<wall x="0" y="12"/>
<wall x="2" y="12"/>
<wall x="3" y="12"/>
<wall x="4" y="12"/>
<wall x="5" y="12"/>
<wall x="6" y="12"/>
<wall x="7" y="12"/>
<wall x="8" y="12"/>
<wall x="9" y="12"/>
<wall x="10" y="12"/>
<wall x="11" y="12"/>
<wall x="12" y="12"/>
<wall x="13" y="12"/>
<wall x="14" y="12"/>
<wall x="15" y="12"/>
<wall x="16" y="12"/>
<rock x="17" y="12"/>
<wall x="18" y="12"/>
<wall x="22" y="12"/>
<rock x="26" y="12"/>
<rock x="35" y="12"/>
<empty x="37" y="12"/>
<empty x="38" y="12"/>
<wall x="39" y="12"/>
<wall x="0" y="13"/>
<rock x="4" y="13"/>
<rock x="6" y="13"/>
<wall x="10" y="13"/>
<wall x="14" y="13"/>
<rock x="15" y="13"/>
<wall x="18" y="13"/>
<rock x="19" y="13"/>
<wall x="22" y="13"/>
<rock x="24" y="13"/>
<rock x="27" y="13"/>
<rock x="29" y="13"/>
<empty x="30" y="13"/>
<empty x="31" y="13"/>
<firefly x="32" y="13"/>
<empty x="33" y="13"/>
<wall x="39" y="13"/>
<wall x="0" y="14"/>
<rock x="5" y="14"/>
<empty x="6" y="14"/>
<rock x="7" y="14"/>
<wall x="10" y="14"/>
<wall x="14" y="14"/>
<wall x="18" y="14"/>
<diamond x="19" y="14"/>
<wall x="22" y="14"/>
<rock x="25" y="14"/>
<empty x="26" y="14"/>
<empty x="30" y="14"/>
<empty x="31" y="14"/>
<empty x="32" y="14"/>
<empty x="33" y="14"/>
<diamond x="38" y="14"/>
<wall x="39" y="14"/>
<wall x="0" y="15"/>
<empty x="5" y="15"/>
<rock x="7" y="15"/>
<wall x="10" y="15"/>
<diamond x="12" y="15"/>
<wall x="14" y="15"/>
<rock x="17" y="15"/>
<wall x="18" y="15"/>
<rock x="20" y="15"/>
<wall x="22" y="15"/>
<rock x="26" y="15"/>
<empty x="28" y="15"/>
<rock x="29" y="15"/>
<wall x="39" y="15"/>
<wall x="0" y="16"/>
<wall x="2" y="16"/>
<wall x="3" y="16"/>
<wall x="4" y="16"/>
<wall x="5" y="16"/>
<wall x="6" y="16"/>
<wall x="7" y="16"/>
<wall x="8" y="16"/>
<wall x="9" y="16"/>
<wall x="10" y="16"/>
<wall x="11" y="16"/>
<wall x="12" y="16"/>
<wall x="14" y="16"/>
<wall x="18" y="16"/>
<wall x="22" y="16"/>
<rock x="26" y="16"/>
<empty x="28" y="16"/>
<rock x="29" y="16"/>
<player x="36" y="16"/>
<wall x="39" y="16"/>
<wall x="0" y="17"/>
<rock x="3" y="17"/>
<wall x="10" y="17"/>
<rock x="12" y="17"/>
<wall x="14" y="17"/>
<wall x="18" y="17"/>
<rock x="19" y="17"/>
<rock x="21" y="17"/>
<wall x="22" y="17"/>
<empty x="29" y="17"/>
<rock x="32" y="17"/>
<wall x="39" y="17"/>
<wall x="0" y="18"/>
<rock x="1" y="18"/>
<exit x="3" y="18"/>
<rock x="7" y="18"/>
<empty x="9" y="18"/>
<wall x="10" y="18"/>
<wall x="14" y="18"/>
<wall x="18" y="18"/>
<rock x="19" y="18"/>
<rock x="21" y="18"/>
<wall x="22" y="18"/>
<rock x="32" y="18"/>
<diamond x="33" y="18"/>
<rock x="36" y="18"/>
<wall x="39" y="18"/>
<wall x="0" y="19"/>
<rock x="5" y="19"/>
<wall x="10" y="19"/>
<rock x="12" y="19"/>
<wall x="14" y="19"/>
<diamond x="15" y="19"/>
<wall x="18" y="19"/>
<wall x="22" y="19"/>
<empty x="27" y="19"/>
<rock x="31" y="19"/>
<diamond x="34" y="19"/>
<empty x="36" y="19"/>
<wall x="39" y="19"/>
<wall x="0" y="20"/>
<rock x="1" y="20"/>
<rock x="2" y="20"/>
<wall x="10" y="20"/>
<rock x="12" y="20"/>
<wall x="14" y="20"/>
<diamond x="15" y="20"/>
<wall x="18" y="20"/>
<wall x="22" y="20"/>
<rock x="25" y="20"/>
<diamond x="28" y="20"/>
<diamond x="30" y="20"/>
<rock x="32" y="20"/>
<rock x="35" y="20"/>
<wall x="39" y="20"/>
<wall x="0" y="21"/>
<wall x="1" y="21"/>
<wall x="2" y="21"/>
<wall x="3" y="21"/>
<wall x="4" y="21"/>
<wall x="5" y="21"/>
<wall x="6" y="21"/>
<wall x="7" y="21"/>
<wall x="8" y="21"/>
<wall x="9" y="21"/>
<wall x="10" y="21"/>
<wall x="11" y="21"/>
<wall x="12" y="21"/>
<wall x="13" y="21"/>
<wall x="14" y="21"/>
<wall x="15" y="21"/>
<wall x="16" y="21"/>
<wall x="17" y="21"/>
<wall x="18" y="21"/>
<wall x="19" y="21"/>
<wall x="20" y="21"/>
<wall x="21" y="21"/>
<wall x="22" y="21"/>
<wall x="23" y="21"/>
<wall x="24" y="21"/>
<wall x="25" y="21"/>
<wall x="26" y="21"/>
<wall x="27" y="21"/>
<wall x="28" y="21"/>
<wall x="29" y="21"/>
<wall x="30" y="21"/>
<wall x="31" y="21"/>
<wall x="32" y="21"/>
<wall x="33" y="21"/>
<wall x="34" y="21"/>
<wall x="35" y="21"/>
<wall x="36" y="21"/>
<wall x="37" y="21"/>
<wall x="38" y="21"/>
<wall x="39" y="21"/>
</level>
</levelset>
